Name,Price
Ap-ple Mac-Book Air M-1 Chip – 8GB RAM – 256GB SSD - 13.3″ Liquid Retina Display – Backlit Keyboard - FaceTime HD Camera - Touch ID - Space Gray,"Rs. 110,000"
"Lenovo V15 celeron 4GB RAM 256GB SSD,15.6 inch HD Display","Rs. 33,998"
"Dell Latitude 5300 Business Laptop, 13.3"" FHD(1920x1080), Intel Core i5-8365U 1.6GHz up to 4.1GHz, 8GB DDR4 RAM, 256GB SSD, Backlit Keyboard","Rs. 34,999"
Lenovo IdeaPad Slim 3 Intel Core i5 13th Gen 13420H – 16GB DDR5 RAM – 512GB NVMe SSD – Intel Integrated Graphics – 15.6″ FHD Display – Arctic Grey,"Rs. 77,999"
Lenovo LOQ 15 AMD Ryzen 5 7235HS RTX 3050 6GB – 12GB DDR5 RAM – 512GB NVMe SSD – 15.6″ FHD 144Hz Display – Windows 11,"Rs. 105,999"
"Dell Latitude E5470 I5-6th Gen | 8 GB RAM | 256 GB SSD | 14"" Screen","Rs. 35,999"
"Dell Latitude E5400 I5-8th Gen | 8 GB RAM | 256 GB SSD | 14"" Screen","Rs. 45,499"
Dell Vostro 3520 I3-12th gen 8GB RAM/512GB SSD/15.6 Display,"Rs. 51,347"
Acer Aspire 5 15 (14th Generation Intel® Core™ 5 processor 120U Processor | 8GB RAM | 512GB SSD | 15.6-inch FHD (1920 x 1080) IPS Display | Intel UHD Graphics | 2 Year Warranty),"Rs. 82,997"
"Dell Vostro 3520 i3 12th Gen | 16GB RAM | 512GB SSD | 15.6"" 120Hz FHD Display Laptop","Rs. 54,999"
"Acer Nitro V 15 i7 13th Gen 13620H | 16GB DDR5 | 512GB SSD | RTX 4050 6GB | 15.6"" FHD 144Hz","Rs. 139,999"
"Lenovo Ideapad 1 15lGL7 11thGen Intel Celeron N4020 8GB DDR4 RAM 256GB SSD 15.6""' HD Display","Rs. 38,497"
Acer Aspire 5 i5 13th Gen 8GB RAM 512GB ssd 15.6 FHD Backlit Laptop,"Rs. 77,990"
"Lenovo V15 celeron Laptop 4GB,256GB SSD,15.6 inch Display","Rs. 33,997"
HP 14 | Intel Core i3 13th Gen 1315U | 8GB RAM | 512GB SSD | Intel UHD Graphics | 14″ FHD Display,"Rs. 56,999"
HP Victus 15 AMD Ryzen 5 7535HS AMD RADEON RX 6550M 4GB Graphics – 16GB DDR5 RAM – 512GB NVMe SSD – 15.6″ FHD 144Hz Display – Windows 11 Home – Backlit Keyboard – Black,"Rs. 99,999"
Asus E410M-EK Celeron N401214WS 4GB AM/64GB+256GB SSD/14FHD,"Rs. 33,998"
"Acer Nitro V i5 13th Gen 13420H | 16GB DDR5 | 512GB SSD | RTX 4050 6GB | 15.6"" FHD 144Hz | Win 11","Rs. 116,999"
Dell Latitude E5300 i5-8th Gen 8GB 256 SSD 13.3″ Ultrabook,"Rs. 34,499"
"Lenovo V15 celeron Laptop 4GB,256GB SSD,15.6 inch Display","Rs. 33,999"
"Acer Predator Helios 300 / i7 11th Gen / RTX 3060 / 16GB RAM / 1TB SSD /15.6"" QHD 165Hz Display","Rs. 149,490"
Dell XPS 9315 CoreTM i5-1230U,"Rs. 124,999"
"Asus 2023 Zenbook 14 Um3402Ya - 7Th, Ryzen 5 7530, 8Gb Ram, 512Gb Nvme Ssd, 14"" 2K Display , Backlit Keyboard, Magic Numpad, Fingerprint, Genuine Win 11, 2 Years, Jade Black - Nagmani International","Rs. 118,900"
"HP Envy x360 14 i7 13th Gen \ 16GB RAM \ 1TB SSD \ 14"" FHD 360 Touch Screen Display","Rs. 155,000"
"Lenovo V15 Intel Celeron N4020 15.6"" FHD (1080p)(39.62 cm) HD Thin and Light Laptop (4GB RAM/1 TB HDD )","Rs. 33,999"
Dell Latitude E7490 Laptop I7-8th Gen 256 GB SSD 8 GB RAM Ultrabook,"Rs. 55,000"
Lenovo IdeaPad Slim 3 (12th Generation Intel Core i5 12450H Processor | 16GB RAM | 512GB SSD | 14.1-inch FHD (1920 x 1080) Display | Intel UHD Graphics | 1 Year Warranty),"Rs. 68,000"
"Lenovo IdeaPad Slim 3i 2023 15 i3 13Th Gen / 8GB RAM / 256GB / 15.6"" FHD display","Rs. 51,996"
"Asus ZenBook 14 Q407IQ Laptop / Ryzen 5 4500U / MX350 / 8GB RAM / 256GB SSD / 14"" FHD display","Rs. 85,000"
Dell Latitude 5480 Intel Core I5 6th Gen 2.4 GHz Processor 8 GB RAM 256 GB SSD 14 Inch Touch Screen,"Rs. 35,999"
Dell 5470 | Celeron | Intel UHD | 8GB RAM | 256GB SSD | 14″HD,"Rs. 35,999"
Lenovo Ideapad 1 | Celeron N4020 | 8GB RAM | 256GB SSD | 14″,"Rs. 38,999"
"Dell G5 15 5511 / i5-11400H / 8GB / 256 SSD / NVIDIA RTX 3050-4GB GDDR6 / 15.6"" FHD","Rs. 143,900"
"Dell Latitude E5300 2 in 1 360 Fold I5-8th Gen | 8 GB RAM | 256 GB SSD | 13.3"" Screen","Rs. 54,999"
Acer Aspire lite i3-12th Gen 8GB RAM-512GB SS-15.6FHD,"Rs. 54,897"
"Acer Swift 3 Laptop /Ryzen 7 5700U/8GB/512 GB/14"" FHD/Backlit Keyboard/Win 10","Rs. 105,000"
Lenovo Ideapad 1 | Celeron N4020 | 8GB RAM | 256GB SSD | 14″,"Rs. 38,998"
"Refub* DELL LATITUDE 5480 Intel Windows 10 Pro (Core i5 6th GEN/ 8GB RAM/ 256GB SSD/ WEBCAM/ 14 ""/ WIN-10 PR0)","Rs. 22,999"
"Dell Vostro 3520 i3 12th Gen 8GB 512ssd 15.6"" FHD 120Hz Screen","Rs. 51,299"
HP VICTUS 15 / Intel core i5-13420H Processor / 15.6″ (1920×1080) FHD IPS Display / 16GB RAM / 512 GB SSD / NVIDIA® RTX 3050(6GB Dedicated Graphics) 144Hz Refresh Rate,"Rs. 118,998"
Dell Vostro 3510 i5-1135G7 11th Gen 8GB RAM 256 GB SSD Intel UHD Graphic 15.’’6 FHD,"Rs. 69,998"
"Acer Swift Go 14 Ryzen 5 - 7530U / 16 GB DDR4 RAM/ 512 GB SSD/14"" FHD IPS/AMD Radeon GFX/ Backlit Keyboard/ Win 11","Rs. 89,990"
"Dell Inspiron 15 3515 / AMD Ryzen 3 3250U / 4GB / 1TB HDD / Radeon Graphics / 15.6"" FHD","Rs. 63,900"
HP ProBook 440 G10 I5-13th Gen/8GB RAM/512GB SSD/14 HD Display,"Rs. 96,899"
"HP Pavilion X360 14"" Core i5 1035G1 8GB RAM 256GB SSD Convertible Laptop","Rs. 99,999"
Dell Vostro i5-11th Gen 8/512,"Rs. 79,999"
"Great Asia TK-E140: High-Performance Windows Laptop | 14"" HD Display | Intel N3350 CPU | 6GB RAM , 128GB SSD","Rs. 35,000"
"Dell Latitude 5300 2 in 1 Laptop, 13.3-inch FHD (1920 x 1080) Touchscreen, Intel Core 8th Gen i5-8365U, 8GB RAM, 256GB SSD, Windows 10 (Renewed)","Rs. 39,999"
"Laptop Dell Latitude 5300 , 13.3"" Intel Core i5-8365U 1.6GHz up to 4.1GHz, 8GB DDR4 RAM, 256GB SSD, Backlit Keyboard","Rs. 34,999"
TK-E142 | 8GB RAM | 256GB ROM | Intel N4020 | Windows 11 | 14.0-inch Display | Long-lasting Battery | Smooth Multitasking | Seamless Connectivity | Ideal for Work & Entertainment,"Rs. 40,000"
Dell Vostro 3520 i5 12th Generation 8Gb Ram 512Gb SSD,"Rs. 66,500"
"Acer Aspire 5 A515-56-363A, 15.6"" Full HD IPS Display, 11th Gen Intel Core i3-1115G4 Processor, 4GB DDR4, 128GB NVMe SSD, WiFi 6, Backlit Keyboard, Windows 10 Home","Rs. 30,000"
xLab x-Book Series XL-156P Laptop + Accessories + Security & Software,"Rs. 49,999"
"Lenovo V15 Laptop, 15.6"" FHD Display, AMD Ryzen 5 5500U Hexa-core Processor (Beat Intel i7-1065G7), 16GB RAM, 1TB SSD","Rs. 49,000"
Lenovo Ideapad Slim 3,"Rs. 89,000"
Dell Wyse 5470 (Intel Celeron Processor | 8GB RAM | 256GB SSD Storage | Intel UHD Graphics | 14″ FHD Display),"Rs. 36,999"
Dell Vostro 3520 i5 12th 8GB 512GB 15.6 FHD,"Rs. 65,990"
Dell Vostro 3530 Intel Core i5 13th Gen 1334U – 16GB DDR4 RAM – 512GB NVMe SSD – Intel Iris Xe Integrated Graphics – 15.6” FHD Display – Black,"Rs. 78,999"
"Dell Latitude 5300 2-in-1 13.3"" FHD Touchscreen Laptop, Intel Core 8th Gen i5-8650U, 8GB DDR4 RAM - 256GB SSD 13.3FHD","Rs. 45,000"
Lenovo IdeaPad 1 Ryzen 5-7520U 2023 8Gb Ram 512Gb SSD 14 inch FHD Display 1 Year Warranty,"Rs. 60,000"
"Dell Vostro 3520 i5 12th Gen | 8GB RAM | 256GB SSD | 15.6"" 120Hz FHD | Black","Rs. 61,500"
Dell Latitude 7490 Core I5 7th Gen 8 GB RAM 256 GB SSD Windows 10,"Rs. 65,000"
Aspire 7 Gaming Laptop,"Rs. 98,999"
"Lenovo V14 G4 - AMD Ryzen 7 77300U, 14"" IPS FHD, 16 GB DDR4 RAM, 512 GB Gen 4 NVMe SSD, 45 WHr Battery, LAN Port, Free DOS, 1 Year Warranty / NAGMANI INTERNATIONAL","Rs. 87,900"
"HP 14S-FQ1052AU AMD Ryzen 3 5300U 4GB 256GB SSD 14""","Rs. 63,000"
"Dell Vostro 15 3520 i5 12th Gen | 8GB RAM | 512GB SSD | 15.6"" FHD display","Rs. 67,999"
"MSI Pulse GL66 15.6"" FHD 144Hz Gaming Laptop: Intel Core i7-12700H RTX 3070 16GB 512GB NVMe SSD, Type-C USB 3.2 Gen 1, RGB Gaming Keyboard, Cooler Boost 5, Win11","Rs. 118,000"
Acer Aspire 3 A315 / AMD Ryzen 3 3250U / 4 GB Ram / 128 GB SSD+1TB HDD / 15.6″ Inch FHD Display / Silver,"Rs. 59,998"
"Vivobook Go E1504 Intel Core i3 N305 Thin and Light Laptop - 8GB DDR4 RAM - 256GB NVMe SSD - 15.6"" FHD Display - Silver","Rs. 60,000"
HP Envy x360 14-ES0013dx (13th Gen Intel Core i5-1335U Processor | 8GB RAM | 512GB SSD | 14″ FHD 2-in-1 Touch Screen Display | Fingerprint Reader),"Rs. 97,999"
Laptop Lenovo IdeaPad 1 Intel Celeron N4020,"Rs. 42,000"
"Dell Vostro 3520 i3 12th Gen | 8GB RAM | 512GB SSD | 15.6"" FHD 120Hz Display Laptop","Rs. 50,500"
"Acer Swift Go 14 Ultra5 125H 16GB RAM 512ssd 14"" Oled 2.8K Laptop","Rs. 114,990"
ASUS Zen Book 14 UX425EA Core i5-11th Gen/ 8GB RAM / 512GB SSD / 14'' FHD,"Rs. 135,000"
"Dell Inspiron 15 3000 3520 Business Laptop Computer[Windows 11 Pro], 15.6'' FHD Touchscreen, 11th Gen Intel Quad-Core i5-1135G7, 16GB RAM, 1TB PCIe SSD","Rs. 40,000"
"Dell Vostro 15 3520 Intel Core i7 - 1225U Processor | 8GB RAM | 512GB SSD | Intel Graphics | 15.6"" FHD (1920 x 1080) Display | 2 Year Warranty","Rs. 88,500"
Dell Inspiron 7391 I5 10th Gen / 8GB RAM / 256GB SSD / 13.3'' FHD Display,"Rs. 118,000"
"Acer Aspire 14 Intel Core 5-120U | 8 GB DDR5 RAM | 512 GB SSD | 14"" (1920X1200) IPS | Win 11 | 2 Year Warranty","Rs. 83,999"
"Dell Latitude 5410 Business Laptop, 14"" FHD(1920x1080), Intel Core i5-10210U 10th Gen 1.6GHz Quad-core (4 Core) - 8GB RAM - 256GB SSD","Rs. 41,999"
"Dell Vostro 3510 i3 11th Gen / 4GB RAM / 1TB HDD / 15.6"" HD Display","Rs. 32,500"
"Lenovo V14 G2 ITL 82KA00KNUS 14"" Notebook - Full HD - 1920 x 1080 - Intel Core i5 11th Gen i5-1135G7 Quad-core (4 Core) 2.40 GHz - 8 GB RAM - 256 GB SSD - Black","Rs. 42,000"
"HP 17 Laptop, 17.3” HD+ Display, 11th Gen Intel Core i3-1125G4 Processor, 32GB RAM, 1TB SSD, Wi-Fi, HDMI, Webcam, Windows 11 Home","Rs. 37,400"
HP Victus 15 i5 12450H 8GB 512ssd RTX3050 Nvidia Graphic Laptop,"Rs. 96,490"
"Refub* Lenovo ThinkPad T490 14.0"" FHD (1920x1080) 250 nits IPS Anti-Glare Display - Intel Core i5-8265U Processor, 8GB RAM, 256GB PCIe-NVMe SSD, Windows 10 Pro 64-bit","Rs. 33,000"
"Asus Intel Celeron E410KA-CL464 N4500 Processor 4GB RAM 64GB + 256 GB SSD 14.0-inch, FHD (1920 x 1080)","Rs. 31,000"
"Refub* DELL LATITUDE 5490 Intel Windows 10 Pro (Core i5 8th GEN/ 8GB RAM/ 256GB SSD/ WEBCAM/ 14 ""/ WIN-10 PR0)","Rs. 28,999"
"Dell Inspiron 3520 15.6"" FHD Laptop, Intel Core i7-1255U Processor, 32GB RAM, 1TB SSD","Rs. 63,500"
"Dell Vostro 3520 i3 12th Gen | 16GB RAM | 512GB SSD | 15.6"" 120Hz FHD Display Laptop","Rs. 54,999"
"Dell Inspiron 3520 i5 12th Gen | 16GB RAM | 512GB SSD | 15.6"" 120Hz FHD | Black","Rs. 66,000"
Hp 14 Intel Core i3 13th Gen | 8GB RAM |256GB SSD |14″ HD Screen | Windows 11 Home (Moonlight Blue) Laptop,"Rs. 51,990"
Asus e410ka | Intel Celeron N4500 Processor | 4GB RAM | 64GB + 256 GB SSD | Intel UHD Graphics | 14″ FHD Display | Magic Numpad,"Rs. 31,499"
"Asus Vivobook Pro 14 M3401Qc-Oled/R7 5800H/16Gb Ram/1Tb Ssd/14"" 2.8K Wqxga 90Hz Oled Display/Rtx 3050 4Gb Graphics/Backlit/Fingerprint/Bag/Windows 11/2 Year International Warranty - Nagmani International","Rs. 187,777"
Asus VivoBook 14 E410KA Intel Celeron N4500 – 4GB DDR4 RAM – 64GB EMMc+ 256GB PCIe NVMe SSD – Intel UHD Graphics – 14″ FHD Display – Windows 11 Home – Star Black,"Rs. 36,999"
Lenovo IdeaPad Slim 3 2022 Ryzen 5 7520U,"Rs. 59,999"
"MSI Leopard GP76-11UH / i7 11th Gen / 16GB RAM / 1TB SSD / RTX 3080 - 8GB / 17.3"" QHD 165Hz Display","Rs. 375,000"
"Dell Vostro 3520 i3 12th Gen | 16GB RAM | 512GB SSD | 15.6"" 120Hz FHD Display Laptop","Rs. 54,000"
Asus Vivobook 14 | Core i3-12th Gen | 8 GB RAM | 256 GB SSD | 14″ FHD Display | Magic Numpad,"Rs. 50,000"
"Lenovo IdeaPad 5 Pro Ryzen 7 6800HS 16GB RAM 1TB SSD RTX 3050ti 16"" 2.5K (2880x1800) display","Rs. 149,990"
Dell Latitude 5330 | Core i5-12th Gen | 16 GB RAM | 512 Gb SSD | 13.3″ FHD Display | Backlit Keyboard | 1 Year Warranty,"Rs. 78,000"
Acer Aspire 3 A314-36P Intel Core i3 N305 13th Gen – 8GB DDR5 RAM – 512GB PCIe NVMe M.2 SSD – Intel UHD Graphics – 14″ FHD Display – Windows 11 Home – Silver,"Rs. 52,999"
Acer Aspire 3 I5-11th Gen-8GB RAM-512GB SSD -15.6FHD,"Rs. 62,998"
Acer Aspire Lite | Intel Core i3-N300 | 8GB DDR5 RAM | 512GB NVMe SSD | 14″ WUXGA IPS Display | 1-Year Warranty,"Rs. 50,999"
"Acer Aspire 3 15 | AMD Ryzen 7 5700U | 16GB DDR4 | 512GB NVMe SSD | 15.6"" FHD Display Laptop","Rs. 67,990"
Acer Extensa 15 215 - i5 11th Gen 8GB 256SSD 15.6FHD,"Rs. 61,047"
Lenovo IdeaPad Slim 3 14IRH8 (13th Generation Intel Core i5 13420H Processor | 16GB RAM | 512GB SSD | 14.0-inch FHD (1920 x 1080) Display | Intel UHD Graphics | Backlit Keyboard),"Rs. 80,500"
Lenovo IdeaPad Slim 3 Intel Core i5 13th Gen 13420H – 8GB DDR5 RAM – 512GB NVMe SSD – Intel Integrated Graphics – 15.6″ FHD Display – Arctic Grey,"Rs. 76,999"
Lenovo IdeaPad Slim 3 14IRH8 (13th Generation Intel Core i5 13420H Processor | 16GB RAM | 512GB SSD | 14.0-inch FHD (1920 x 1080) Display | Intel UHD Graphics | Backlit Keyboard),"Rs. 75,000"
"Dell Latitude 14 5420 2021 (11th Gen i5-1135G7, 8GB, 256GB, 14″ FHD)","Rs. 54,899"
"Asus VivoBook 14 2024 E1504F AMD Ryzen 5 7520U 8Gb Ram 512Gb SSD 14."" FHD Win11 Backlit Keyboard Fingerprint 2 years Authorize warranty","Rs. 77,000"
Lenovo IdeaPad Slim 3 14IRH8 Intel Core i5 13420H Processor | 8GB RAM | 512GB SSD | 14.0-inch FHD | Backlit Keyboard Laptop,"Rs. 71,490"
Lenovo Laptop Intel Celeron Processor 4 GB| 256 GB SSD| 15.6'' Display Black,"Rs. 34,500"
"Acer Aspire 3 2023 Ryzen 5 7520U | 8GB RAM | 512GB SSD | 15.6"" FHD Display","Rs. 61,998"
HP Laptop 14 | 13th Gen Intel Core i3-1315U | 14-inch FHD | 8GB DDR4 | 256 GB SSD | Intel UHD Graphics |,"Rs. 55,000"
"HP Notebook 250 G9 i5 12th Gen 1235U | 16GB RAM | 512GB NVMe SSD | Backlit Keyboard |Windows 11| 15.6"" FHD Laptop","Rs. 74,999"
Acer Swift Go 14 2024 (Intel Core Ultra 5 125H Processor | 16GB RAM | 512GB SSD | Intel Arc Graphics | 14-inch WQXGA+ 2.8K IPS Display | AI Integrated,"Rs. 113,110"
Dell Vostro 3530 Intel Core i5 13th Gen 1334U 16GB RAM 512GB NVMe SSD 15.6” 120Hz FHD Laptop,"Rs. 75,490"
"Acer Aspire 3 (A314-42P-R1T0) Ryzen 7 5700U/8GB RAM/512GB SSD/AMD Radeon/14"" WUXGA IPS/Windows 11 Home Laptop Acer Aspire 3 (A314-42P-R1T0) Ryzen 5 5700U/8GB RAM/512GB SSD/AMD Radeon/14"" WUXGA IPS/Windows 11 Home Laptop Acer Aspire 3 (A314-42P-R1T0) Ryze","Rs. 70,000"
"HP Envy x360 14 i5 13th Gen \ 8GB RAM \ 512GB SSD \ 14"" FHD 360 Touch Screen Display","Rs. 105,000"
"Acer Aspire 3 2023 Ryzen 5 7520U 8GB RAM 256GB SSD 15.6"" FHD Display","Rs. 58,790"
Dell 3520 i5 11th Gen 8GB RAM/256GB SSD/15.6FHD,"Rs. 62,998"
"Asus Expertbook Flip i7 12th Gen| 16GB RAM | 512GB SSD | 14"" FHD x360 Touch Display| Backlit KB | Stylus Pen","Rs. 111,000"
Acer Aspire 3 A315 AMD Ryzen 5 7520U 8GB RAM 512GB SSD Laptop,"Rs. 55,490"
Acer Aspire 5 A515-58 Intel Core i5 13th Gen 13420H – 8GB DDR5 RAM – 512GB NVMe Gen4 SSD – Intel UHD Integrated Graphics – 15.6″ FHD TouchScreen Display – Windows 11 Home – Steel Grey,"Rs. 79,999"
Dell Laptop 3520 I3 12th Generation 8gb 512gb,"Rs. 52,500"
Acer Aspire Go 14 AMD Ryzen 5 7520U Processor 16GB RAM 512GB SSD 14-inch FHD Display,"Rs. 72,000"
"MSI Modern 14 F13MG Laptop (13th Gen Intel Core i5 | 16GB RAM | 512GB SSD | 14"" FHD IPS | Wi-Fi 6E | Backlit Keyboard | USB-C | 1.5KG)","Rs. 77,300"
"HP Victus Gaming Laptop, AMD Ryzen 7 8845HS (Beats i7-1355U), NVIDIA GeForce RTX 4070, 16.1"" FHD 144Hz, Wi-Fi 6, Windows 11 Home, W/HDMI Cable (32GB RAM | 2TB PCIe SSD)","Rs. 120,000"
Lenovo Ideapad Slim 3 | Core i7 | 16 GB RAM | 512 GB SSD |,"Rs. 88,400"
"Asus (Intel Celeron N4500 Processor | 4GB RAM | 64GB + 256 GB SSD | Intel UHD Graphics | 14"" FHD Display)","Rs. 33,499"
Lenovo Ideapad 1 Celeron | 4GB | 256ssd | 14 Laptop,"Rs. 33,490"
"Dell Vostro 3520 | Core™ i5-1235U | 8GB | 256GB | 15.6"" FHD | UBUNTU","Rs. 66,900"
Dell vostro 15 3520 Intel core i5 12gen / 8gb DDDR4 Ram /256gb Nvme SSD / 15.6 inch FHD Display,"Rs. 63,500"
Lenovo ThinkBook 14 G4 IAP (Intel Core i5 12th Gen 1235U Processor | 16GB RAM | 512GB SSD | Intel Iris Xe Graphics | 14″ FHD Display),"Rs. 78,000"
[2024] HP Envy x360 14-ES0013dx (14th Gen Intel Core 5 120U Processor | 8GB RAM | 512GB SSD | 14″ FHD 2-in-1 Touch Screen Display | Fingerprint Reader),"Rs. 88,599"
Acer Aspire Lite 14 Intel Core i3 N300 – 8GB DDR5 RAM – 512GB NVMe Gen 4 SSD – Intel Integrated Graphics – 14″ WUXGA Display – Silver,"Rs. 52,999"
"Lenovo IP3 Ryzen 7 5700U/8GB RAM/256GB SSD/14"" FHD","Rs. 73,990"
"Lenovo IdeaPad Slim 3 14IRH8 - Intel Core I7-13620H | 16GB LPDDR5 | 14"" (1920x1080) IPS | Win 11","Rs. 92,999"
"MSI Computer GF63, NVIDIA GeForce GTX 1650 Graphics, 15.6"" 8GB 256GB Intel Core i5-10300H X4 2.5GHz Win10","Rs. 50,000"
"Asus Zenbook Q425MA Intel Core Ultra 7 - 155H | 16 GB DDR5 | 1 TB SSD | 14"" FHD (1920 x 1200) OLED TouchScreen | Backlit Keyboard | Win 11","Rs. 131,990"
"Dell Vostro 3520 i5 12th Gen | 16GB RAM | 512GB SSD | 15.6"" 120Hz FHD | Black","Rs. 68,499"
"Acer Aspire 5 i5 12th Gen 1235U | 8GB RAM | 512GB SSD | NVIDIA RTX 2050 4GB | 15.6"" FHD IPS Display","Rs. 84,999"
"Lenovo IdeaPad Flex 5 14"" Touch Laptop Intel i5-12th gen, 8GB RAM, 256GB SSD (82R700ABUS)","Rs. 85,000"
"Acer Aspire 3 2023 Ryzen 5 7520U | 8GB RAM | 512GB SSD | 15.6"" FHD Display | 1 Year Warranty","Rs. 62,996"
"Acer Nitro V Gaming Laptop | Intel Core i7-13620H Processor | NVIDIA GeForce RTX 4050 Laptop GPU | 15.6"" FHD IPS 144Hz Display | 16GB DDR5 | 512GB Gen 4 SSD | WiFi 6 | Backlit KB","Rs. 68,000"
"Lenovo IdeaPad Slim 3 i5 13th Gen 8GB RAM 512GB SSD 15.6"" FHD Backlight Keyboard","Rs. 69,990"
Asus Vivobook,"Rs. 54,000"
HP 255 G8 Ryzen 7,"Rs. 72,200"
Asus Expertbook B1 | Core i5-12th Gen | 8 GB RAM | 512 GB SSD | 14″ FHD Display | Backlit Keyboard,"Rs. 71,000"
"Dell 15.6'' Vostro 3520 Business Laptop, 12th Gen Intel Core i3 Processor, 8GB RAM, 1TB SSD, FHD IPS Display, Windows 11 Pro, RJ-45, SD Card Reader, Webcam, HDMI, Wi-Fi, w/WOWPC Bundle, Black","Rs. 50,999"
"Mi Notebook Pro (14-inch TrueLife display, intel-Core i5-11300H,Fingerprint sensor, 16GB RAM, 512GB PCIe NVMe SSD)","Rs. 99,500"
Dell Latitude e7490 Corei7 8th Gen 8gb 256gb 14”Backlit Keyboard,"Rs. 55,000"
Dell Vostro 3520 I3-1215U (6 cores) 8GB RAM/512GB SSD/15.6 Display,"Rs. 55,000"
Lenovo IdeaPad 1 15AMN7 (AMD Ryzen 5 7520U Processor | 8GB RAM | 512GB SSD | AMD Radeon 610M Graphics Card | 15.6-inch FHD (1920 x 1080) IPS Display | 1 Year Warranty),"Rs. 59,000"
"Acer Aspire 3 Ryzen5 7000Series 8GB 512GB 15.6""inch FHD display","Rs. 57,000"
Lenovo Thinbook 14 G-4/i5-1235U Processor/16GB RAM/512GB SSD/14 inch/ FHD,"Rs. 78,650"
Asus Vivobook 14 | Core i3-12th Gen | 8 GB RAM | 256 GB SSD | 14″ FHD Display | Magic Numpad,"Rs. 53,500"
"ASUS 14"" FHD Laptop, Intel Celeron N4500, 4GB RAM, 64+256 GB SSD Storage, Intel Iris Xe Graphics, Media Card Reader, Quiet Blue","Rs. 33,000"
"ASUS E410M recommends Windows 11 Pro for business, Intel® Celeron® N4020 Processor, Intel® UHD Graphics 600","Rs. 41,999"
"HP Pavilion Laptop 15-eh1066AU 49N15PA 8 GB RAM (2 x 4 GB), 512 GB SSD, 15.6""","Rs. 85,000"
Lenovo Ideapad 3 | Core i3- 1115G4 | 8GB RAM | 256GB SSD | 14” FHD,"Rs. 53,999"
Dell Vostro 3530 (Intel Core i5 1335U Processor | 16GB RAM | 512GB SSD | Intel Iris Xe Graphics Card | 15.6-inch FHD (1920 x 1080) IPS Display | 1 Year Warranty),"Rs. 76,500"
Dell Vostro 3530 (Intel Core i5 1335U Processor | 16GB RAM | 512GB SSD | Intel Iris Xe Graphics Card | 15.6-inch FHD (1920 x 1080) IPS Display | 1 Year Warranty),"Rs. 80,000"
"Acer Aspire 5 A515-58P (13th Generation Intel Core i5 1335U Processor | 16GB RAM | 512GB SSD | Intel Iris Xe Graphics | 15.6"" FHD (1920 x 1080 Display | 1 Year Warranty)","Rs. 71,499"
"DELL VOSTRO 14"" 3430 | 13th gen I3-1305U | 8GB | 512 SSD | 1yrs warranty","Rs. 68,500"
"Acer Aspire 3 A315 (AMD Ryzen 5 - 7520U Processor | 8GB RAM | 512GB SSD | AMD Radeon Graphics | 15.6"" FHD Display)","Rs. 60,000"
"Acer Swift Go 14 OLED Intel Core i5 13500H Processor | 16GB RAM | 512GB Gen4 SSD | 14-inch 2.8K WQXGA+, 90Hz OLED Display | Intel Iris Xe Graphics Card | Backlit Keyboard | Fingerprint Scanner","Rs. 103,000"
Acer Swift Go Ultra 5,"Rs. 106,000"
"MSI Modern 14 C12MO Laptop (12th Gen Intel Core i5 | 16GB RAM | 512GB SSD | 14"" FHD IPS | Wi-Fi 6 | Backlit Keyboard | USB-C | 1.4KG)","Rs. 80,900"
"Lenovo V14 G4 AMD Ryzen 5 Quad Core 7520U, 14"" IPS FHD, 8 GB DDR4 RAM, 512 GB Gen 4 NVMe SSD, 47 WHr Battery, LAN Port, Free DOS, 1 Year Warranty / NAGMANI INTERNATIONAL","Rs. 70,450"
"Acer Swift GO 14 Core i5-13500H 13th Gen / 16 GB RAM/ 512GB SSD/14"" OLED 2.8K/Backlit Keyboard/ Win 11","Rs. 109,990"
"Lenovo IdeaPad 3i 15.6'' Touch Laptop Intel i5 12th gen , 8GB RAM, 256GB Nvme SSD (82RK00BEUS)","Rs. 66,500"
"Acer Aspire 5 A515-58P (Intel Core i5-1335U Processor | 8GB RAM | 512GB SSD | Intel Iris Xe Graphics | 15.6"" FHD Display)","Rs. 75,000"
"HP Envy x360,Core 5-120U 14th Gen | 8GB RAM | 512GB SSD | 14″FHD | 360 Touch | Backlit-Keyboard | Win 11","Rs. 97,499"
"ASUS Vivobook Go E1404FA - Ryzen 3 7320U| 14"" FHD Display| 8GB RAM| 512GB SSD | Numpad |Chicklet | Win 11 | Cool silver | 2 Years Warranty - NAGMANI INTERNATIONAL","Rs. 68,500"
"Acer Nitro V 15 2023 i7 13620H | RTX 4060 8GB | 16GB RAM | 512GB SSD | 15.6"" FHD 144Hz display | 2 Year Warranty","Rs. 147,999"
Dell Inspiron G15 5515 AMD Ryzen 7 5800H 8GB 512SSD NVIDIA RTX 3050 4GB GDDR6 FHD Win 11,"Rs. 169,900"
HP Pavilion Plus,"Rs. 98,500"
"Lenovo V15 G3 - 12th Gen, Intel i7 1255U, 15.6"" FHD, 16GB DDR4 RAM, 512GB NVMe SSD, Iron Grey Color, 1 Year Warranty","Rs. 102,275"
Lenovo Yoga,"Rs. 98,200"
"Lenovo V15 Intel Core i5-1235U, 8GB RAM 256GB SSD, 15.6""FHD","Rs. 64,997"
Lenovo IdeaPad Slim 3 14IRU8 (13th Gen Intel Core i3 1305U Processor | 8GB RAM | 512GB SSD | Intel UHD Graphics Card | 14-inch FHD IPS Display | Fingerprint Reader,"Rs. 59,999"
Dell 5470 | Celeron | Intel UHD | 8GB RAM | 256GB SSD | 14″ HD,"Rs. 37,998"
"ASUS TUF Gaming F15 Gaming Laptop, 15.6” 144Hz FHD Display, Intel Core i5-11400H Processor, GeForce RTX 2050, 8GB DDR4 RAM, 512GB PCIe SSD Gen 3, Wi-Fi 6, Windows 11","Rs. 79,000"
Lenovo Ideapad 1 | i3-12th Gen | 4 GB RAM | 256 GB SSD |14″ HD Display | 1 Year Warranty,"Rs. 46,999"
"Lenovo Ideapad 1 15lGL7 11thGen Intel Celeron N4020 8GB DDR4 RAM 256GB SSD 15.6""' HD Display","Rs. 38,000"
"HP Victus AMD Ryzen 5 7535HS | 16GB RAM | 512GB SSD | RTX 2050 4GB | 15.6"" FHD 144hz Display","Rs. 97,999"
Acer Aspire 5 i5,"Rs. 71,500"
"Asus Vivibook Go E1404 Ryzen 5 - 7520U / 8 GB DDR5 RAM/ 512 GB SSD/14"" FHD / Backlit Keyboard/ FP Reader/ Win 11/ 2 Years Warranty","Rs. 77,990"
ExpertBook B1402 I5/12th Gen/16GB RAM/512GB SSD/14 FHD/Backlite Keyboard,"Rs. 75,896"
"Asus Zenbook Q415MA Intel Core Ultra 5 -125H | 8 GB DDR5 | 512 GB SSD | 14"" FHD (1920 x 1200) OLED Touch-Screen | Backlit Keyboard | Win 11","Rs. 102,899"
"Hp Ryzen 5 5500u 8GB RAM 256gb SSD 2GB graphics full HD IPS display 15.6""","Rs. 65,000"
"Dell Inspiron 15 3530 (Intel Core i7 - 1355U Processor | 16GB RAM | 512GB SSD | Intel UHD Graphics | 15.6"" FHD Display )","Rs. 109,999"
ExpertBook B1402 I5/12th Gen/16GB RAM/512GB SSD/14 FHD/Backlite Keyboard,"Rs. 80,000"
ASUS ZenBook 14 OLED UX5406SA (2024) | 15th Gen Intel Core Ultra 7 256V | 16 GB RAM | 1 TB SSD Gen 4 | OLED 14 inch 3K OLED | Genuine Win 11 | Zumaia Gray | Two years warranty | Nagmani International,"Rs. 232,900"
"Dell Vostro 3430 i5 13th Gen / 8GB RAM / 512GB SSD / 14"" FHD Display","Rs. 100,000"
"HP 14 Laptop Intel Core i3-N305 8GB RAM 256GB SSD 14"" Led Display Moonlight Blue","Rs. 51,999"
ASUS VivoBook 16x F1605 Intel® Core™ 7 150U 14th Gen 16GB RAM DDR4 1TB SSD 16″ FHD IPS Screen Windows 11 Home Laptop,"Rs. 124,990"
HP Victus 16 2021 i7 11th Gen Rtx 3060 16Gb Ram 512Gb Ssd 16.1 144hz Fhd display,"Rs. 200,000"
Asus TUF A15 Gaming Laptop | Ryzen 7-7435HS | 8 GB RAM | 512 GB SSD | RTX 3050-4GB Graphics | 15.6″ FHD Display | Backlit Keyboard | 1 Year Warranty,"Rs. 108,999"
Acer Nitro V 15 2023 (AMD Ryzen 5 7535HS Processor | 16GB DDR5 RAM | 512GB SSD | NVIDIA RTX 3050 6GB Graphics Card | 15.6-inch FHD (1920 x 1080) 144Hz IPS Display | 1 Year Warranty),"Rs. 102,000"
"Lenovo Ideapad Slim 1 AMD Ryzen 5 7520U | 8 GB DDR5 | 512 GB SSD | 15.6"" HD (1366x768) | Win 11","Rs. 57,799"
Acer Aspire Lite (Intel Core i3 N300 Processor | 8GB DDR5 RAM | 512GB NVMe Gen4 SSD | 14-inch WUXGA (1920 x 1200) Display | Intel UHD Graphics | Pure Silver Color | 1 Year Warranty),"Rs. 52,000"
"MSI Laptop Modern 14 B10MW (10th Gen i5-10210U | 8GB DDR4 RAM | 256GB NVMe SSD | 14.0"" Full HD IPS | Backlit Keyboard | Light Weight)","Rs. 74,900"
"Acer Aspire GO 14 2024 Ryzen 5 7520U | 16GB RAM | 512GB SSD | 14"" WUXGA Display","Rs. 68,999"
MSI Modern 15 A11MU | 11th Gen i7 -1195G7| 8 GB RAM | 512GB SSD | Intel Iris Xe | Win 10,"Rs. 95,000"
Acer Nitro V 15 Intel Core i5 13th Gen 13420H RTX 4050 6GB Graphics – 8GB DDR5 RAM – 512GB NVMe SSD – 15.6″ FHD 144Hz Display – Backlit Keyboard – Black,"Rs. 109,999"
Asus zenbook,"Rs. 106,000"
ASUS ZenBook 14 OLED UX3405MA (2024) - New Zen with AI | Intel Core Ultra 9 185H | 14th gen | 16 GB RAM | 1 TB SSD Gen 4 | 14 inch 3K OLED | Genuine Win 11 | Ponder Blue - NAGMANI INTERNATIONAL,"Rs. 204,900"
"MSI Leopard GP76-11UH / i7 11th Gen / 16GB RAM / 1TB SSD / RTX 3080 - 8GB / 17.3"" QHD 165Hz Display","Rs. 375,000"
"Lenovo Legion 5 i7 14th Gen 14650HX | 16GB | 512ssd | RTX 4060 | 16"" WQXGA 165Hz iPS | RGB Key Gaming Laptop","Rs. 209,990"
Dell Latitude 3440 | i5 -1235U | 8GB RAM | 512GB SSD | Backlit | UBT,"Rs. 90,000"
"Lenovo ThinkPad E14 Core i5 13th Gen/ 16GB RAM/512GB SSD/14""IPS (1920 X 1200)/Backlight/Fingerprint/Win 11 Pro Genuine","Rs. 159,990"
Lenovo IdeaPad Slim 3 14IRU8 (13th Gen Intel Core i3 1305U Processor | 8GB RAM | 512GB SSD | Intel UHD Graphics Card | 14-inch FHD IPS Display | Fingerprint Reader,"Rs. 59,999"
"MSI GL75 Leopard 10SDR i7 10TH GEN / GTX 1660Ti / 15.6"" 144Hz FHD display / 512GB SSD / 16GB RAM","Rs. 205,200"
Acer Nitro V 15 2023 (Intel Core i5 13420H Processor | 16GB DDR5 RAM | 512GB SSD | NVIDIA RTX 3050 6GB Graphics Card | 15.6-inch FHD (1920 x 1080) 144Hz IPS Display,"Rs. 114,090"
"Lenovo V14 G4 - 13th Gen, Intel i5 1335U, 14"" FHD, 8GB DDR4 RAM, 512GB NVMe SSD, 45WHr Battery, 1 Year Warranty /NAGMANI INTERNATIONAL","Rs. 82,500"
Dell Latitude 3440 i5-1235U 12th Gen | 8GB RAM | 512GB SSD |14″ Full HD Screen Laptop,"Rs. 84,890"
HP Envy x360 2-in-1 Intel Core 7 150U Processor – 16GB DDR4 RAM – 512GB NVMe SSD – Intel Shared Graphics – 14″ FHD TouchScreen Display – Windows 11 – BackLit Keyboard,"Rs. 116,999"
Dell Vostro 3520 I3/12th Gen/8GB/512GB SSD/15.6FHD,"Rs. 52,995"
"Lenovo IdeaCentre AIO 24IRH9, i5-13420H, 16GB RAM, 512GB SSD, 24"" inch FHD 100Hz","Rs. 94,999"
"Dell Inspiron 7440 2 in 1 Core 7 14th Gen | 16GB | 512ssd | 14"" WUXGA x360 Touch | Backlit Keyboard Laptop","Rs. 149,990"
HP Victus 15 / I5-13420H / 8GB RAM / 512GB SSD / 15.6″ FHD 144HZ Display / Nvidia RTX 3050,"Rs. 109,996"
"HP Notebook 15 13 Gen Intel Core™ i5-1334U | 8 GB DDR4 | 512 GB SSD | 15.6"" FHD (1920 x 1080) | Backlit Keyboard | Win 11","Rs. 78,749"
Lenovo Ideapad 3 | Core i3-1115G4 | Intel UHD | 8GB RAM | 256GB SSD | 15.6” FHD,"Rs. 61,999"
"HP Victus 15 i5 Gaming Laptop, 15.6"" FHD 1920*1080 144Hz, Intel Core i5-12450H, NVIDIA GeForce RTX 3050, 16GB RAM, 512GB SSD, Backlit KB, Touchpad, SD Card Reader, Webcam, HDMI, Wi-Fi 6, Windows 11","Rs. 94,500"
Swift Go 14 AMD Ryzen 5 7530U Processor – 16GB DDR4 RAM – 512GB NVMe SSD – 14″ FHD IPS Screen – Backlit Keyboard – Silver,"Rs. 105,000"
"Dell Alienware M15 R6 i7 11800H / RTX 3070 GDDR6 / 32GB RAM / 1TB SSD / 15.6"" QHD 240Hz Display","Rs. 388,800"
"Hp pavillion 14 plus intel core i5 13th gen 16GB RAM 512GB SSD 14"" 2.2k IPS Display","Rs. 98,000"
"Lenovo Legion Slim 5 16"" Gaming Laptop Computer - Luna Grey AMD Ryzen 7 7435HS (3.1GHz) Processor 16GB DDR5-4800 RAM NVIDIA GeForce RTX 4070 Graphics Card 1TB PCIe SSD 83EX0026US","Rs. 120,000"
Laptop Lenovo Celeron 4GB 128 GB 14'' IPS,"Rs. 41,999"
HP 240 G9 Notebook With I7 Processor 8 GB RAM 512 GB SSD 14 Inch 12th Gen,"Rs. 84,999"
"Asus 2023 Zenbook 14 Um3402Ya - 7Th, Ryzen 7 7730, 16Gb Ram, 1Tb Nvme Ssd, 14"" 2K Display , Backlit Keyboard, Magic Numpad, Fingerprint, Genuine Win 11, 2 Years, Jade Black - Nagmani International","Rs. 144,500"
"Asus Vivo Book Core i7 1065G7 8GBRAM 256GB SSD 14"" Windows 10","Rs. 99,999"
HP Envy 13 x360 14 ES00 13 2-IN-1 Core™ i5-1335G7 512GB SSD 8 GB,"Rs. 115,500"
"HP ELITEBOOK 840 G7 I7 11TH GEN 16GB RAM 512GB SSD 14""FHD/WIN 10 PRO/3 YRS","Rs. 177,000"
"Acer Swift GO 14 Core Core i7 - 1355U 13th Gen / 16 GB RAM/ 512GB SSD/14"" IPS Touch/Backlit Keyboard/ Win 11","Rs. 125,990"
"HP Laptop 15s -du3511TX 4A3P6PA i7-1165G7, 8 GB RAM/ 512 GB SSD, Windows 11/2GB GRAPHIC","Rs. 108,000"
"Lenovo V14 Celeron | 4GB RAM | 256GB SSD | 14"" HD Display Laptop","Rs. 33,999"
Lenovo LOQ 15IAX9 (Intel Core i5 13450HX Processor | 12GB RAM | 512GB SSD | NVIDIA GeForce RTX 4050 Graphics Card | 15.6-inch FHD (1920 x 1080) IPS Display | 1 Year Warranty),"Rs. 122,500"
"Microsoft Surface 3 Laptop for Business (15"" Multi-Touch/i7-Gen10/16GB RAM/512GB M.2 NVMe SSD/Win 10 Pro/Matt Black)","Rs. 292,000"
Acer Nitro V15 I7 13th Gen 16GB/512GB/NVDIA RTX 3050|6GB|144Hrz Display,"Rs. 146,999"
"Lenovo Legion Pro 9i Gen 9 16"" Gaming Laptop (2024 Model) Intel 14th Gen i9-14900HX 24C, NVIDIA GeForce RTX 4090 16GB, 32GB RAM, 2TB (1TB+1TB) NVMe SSD, 16"" 3.2K Mini-Led 165Hz 1200-nits, Win 11 Home","Rs. 520,000"
"Asus vivobook flip tn3402qa -ryzen 5 5600h, 8gb, 512 gb ssd, touch 360 display, backlit keyboard, magic numpad","Rs. 113,333"
HP Envy x360 15 2-IN-1 Core™ i7-13th Gen/ 512GB SSD/ 12GB RAM/ 15.6″ FHD 360 Touch/ WIN11/ Backlit Keyboard,"Rs. 129,990"
Acer Nitro V Gaming Intel i5 13th Gen RTX™ 4050 6GB 16GB RAM 512GB SSD 15.6″ 144Hz Laptop,"Rs. 116,590"
IDEAPAD FLEX 5 14/2IN1 RYZEN 7-4700u/16/512,"Rs. 108,000"
"Lenovo IdeaPad Slim 5 | Core Ultra 5 125H | 16GB RAM | 512GB SSD | 14"" WUXGA OLED | Backlit Keyboard | 1 Year Warranty - Nagmani International","Rs. 129,900"
Dell Inspiron 14 7430 - i7 1355U | 16GB | 512GB SSD | Intel Iris Xe | FHD Touch 2-in-1| Backlit Keyboard | Fingerprint | 2 Years Warranty - neostore,"Rs. 174,500"
"HP Envy x360 i7 13th Gen 16GB RAM 512GB SSD 14"" FHD 360 Touch Screen Display","Rs. 145,000"
Dell Inspiron 7391 i7 10th Gen NVIDIA MX250 8GB RAM 512GB SSD 13.3” FHD Display,"Rs. 148,000"
"Lenovo Thinkpad Yoga L13 (2-in-1) Gen 5 - Core Ultra 7 155u, 13.3"" WUXGA Multi-Touch 360° display - 100% sRGB, 16GB, 1TB Gen4 NVMe SSD, Stylus, Fingerprint, Windows 11 Professional, Backlit KB, 3 Years Warranty - NAGMANI INTERNATIONAL","Rs. 229,900"
"Dell XPS 13 Plus Core i7 12th Gen/ 32 GB DDR 5 RAM/ 1TB SSD/ 13.4"" FHD/ Backlit Keyboard/ Win 11","Rs. 265,990"
Dell Vostro 3520 i7 12th Gen | 16GB RAM | 512GB SSD | Intel UHD | 15.6″ FHD 120Hz Display Laptop,"Rs. 94,000"
Acer Predator Helios Neo 16 i9 14th Gen 32gb Ram 1tb SSD RTX 4060 240hz 2k DIsplay,"Rs. 204,999"
"Lenovo V14 G3 IAP 14"" Notebook - Full HD - 1920 x 1080 - Intel Core i7 12th Gen i7-1255U Deca-core (10 Core) 1.70 GHz - 16 GB RAM, 512 GB SSD - Business Black, WIN 11 Pro","Rs. 109,999"
Acer Nitro V 15 i7 13gen RTX 4050 16GB RAM / 1TB SSD 15.6 Inch 144hz FHD IPS Panel,"Rs. 139,999"
"Acer Predator Helios Neo 16 2024 i9 14900HX | RTX 4060 | 16GB RAM | 1TB SSD | 16"" WUXGA 165Hz display Laptop","Rs. 199,990"
"HP Victus AMD Ryzen 5 7535HS | 16GB RAM | 512GB SSD | RTX 2050 4GB | 15.6"" FHD 144hz Display HP Victus AMD Ryzen 5 7535HS | 16GB RAM | 512GB","Rs. 97,999"
Lenovo LOQ 15 Gaming AMD Ryzen 5 7235HS 12GB RAM 512GB SSD 15.6″ Full HD IPS 144Hz NVIDIA RTX 3050 6GB Graphic Windows 11 Laptop,"Rs. 99,990"
"Lenovo IdeaPad Slim 3 i5 13th Gen 8GB RAM 512GB SSD 15.6"" FHD Backlight Keyboard","Rs. 78,000"
"Lenovo IdeaPad Slim 5 | Core Ultra 7 155H | 32GB RAM | 1TB SSD | 14"" WUXGA OLED | Backlit Keyboard | 1 Year Warranty - Nagmani International","Rs. 164,500"
"Lenovo LOQ i5 12450HX RTX2050 8GB 512ssd 15.6"" FHD IPS Gaming Laptop","Rs. 101,990"
Asus Vivobook Amd Ryzen 7 Ram 16Gb/Storage 512 Ssd 1Tb Display Amd Radeon(Tm) Rx Vega 10 Graphics,"Rs. 107,000"
"Asus Vivobook Pro M6400rc -6th, Ryzen 7 6800H, 16 GB, 1TB NVME SSD , 14 inch Oled Display, Magic Numpad, Fingerprint, Nvidia RTX 3050, Backlit Keyboard","Rs. 180,000"
HP Elitebook 835 G8 AMD Ryzen 7 PRO 16GB RAM 512GB SSD,"Rs. 119,999"
"Lenovo LOQ Gaming Laptop - 15.6"" FHD 144Hz Display | Intel i5-12450HX | 8 GB RAM | 512GB SSD | RTX 2050 4GB | Backlit KB | Win 11 | 1 Year Warranty | Nagmani International","Rs. 104,500"
"Acer Nitro 5 2020 i7 10TH GEN / GTX 1650ti / 15.6"" FHD 144Hz / 8GB RAM / 512GB SSD","Rs. 110,000"
Laptop Acer Predator Helios 300 74F3 i7 11th Gen-8GB-1TB SSD-RTX3060 6GB-OS,"Rs. 152,490"
"HP Victus 15 Fb20494AX (AMD Ryzen 5 8645HS Processor | 16GB RAM | 512GB SSD | NVIDIA GeForce RTX 4050 6GB Graphics Card | 15.6"" FHD (1920 x 1080) 144Hz IPS","Rs. 108,000"
Dell Inspiron 14 7430 i7 13th Gen - 1355U | 16GB | 512GB SSD | Intel Iris Xe | FHD Touch 2-in-1| Backlit Keyboard | Fingerprint | 2 Years Warranty,"Rs. 174,500"
Dell Latitude 14 5440 Intel Core i7 13th Gen 1365U – 16GB DDR4 RAM – 1TB NVMe SSD – Intel Integrated Graphics – 14″ FHD Touchscreen Display – Backlit Keyboard,"Rs. 180,000"
MSI GF63 Thin 10SC | 10th Gen Core i7-10750H | 8GB RAM | 512GB NVMe SSD | NVIDIA GTX 1650-4GB | Win 10 | Light Weight,"Rs. 97,000"
"Lenovo ThinkPad T14 Gen 3,12 Gen Core i5-1240P | 512 GB SSD | 8 GB DDR4| 14"" WUXGA (1920 x 1200) |Backlit Keyboard | FP Reader | Win 11 Pro","Rs. 142,789"
HP Victus 16 AMD Ryzen 7 8845HS RTX 4070 8GB Graphics – 16GB DDR5 RAM – 512GB NVMe SSD – 16.1″ FHD 144Hz Display – Windows 11 – Backlit Keyboard,"Rs. 165,999"
"HP Envy x360 i7 13th Gen 16GB RAM 512GB SSD 14"" FHD 360 Touch Screen Display","Rs. 145,000"
Acer Nitro V 16 2024 Gaming Laptop (AMD Ryzen 7 8840HS Processor | 16GB RAM | 512GB SSD | NVIDIA GeForce RTX 4050 6GB Graphics Card | 16-inch 2K (2560 x 1600) IPS 165Hz Display) IPS 165Hz Display,"Rs. 149,999"
"Microsoft Surface 3 Laptop for Business (13.5"" Multi-Touch/i7-Gen10/16GB RAM/512GB M.2 NVMe SSD/Win 10 Pro/Matt Black)","Rs. 279,000"
ASUS ROG Strix G15 Ryzen 7 6800H 15.6″ WQHD 165Hz 16GB RAM 1TB SSD RTX 3060 6GB,"Rs. 168,000"
"Asus Zenbook Duo UX482 - 11th, i7, 16, SSD 1Tb, Dual Screen, 14: Nano Edge FHD LED + 2nd Touch Screen 12.6"", Nvidia MX450 2 GB, Windows 10, 2 years, Sleeve, Blue | Nagmani Interantional","Rs. 220,000"
"Lenovo LOQ 15 AMD Ryzen 7 - 7840HS / 16 GB RAM/ 512GB SSD/15.6"" IPS 144 Hrz / RTX 4050 6GB /Backlit Keyboard/ Win 11","Rs. 145,990"
Acer Nitro V 15 2023 (Intel Core i5 13420H Processor | 16GB DDR5 RAM | 512GB SSD | NVIDIA RTX 3050 6GB Graphics Card | 15.6-inch FHD (1920 x 1080) 144Hz IPS Display | 1 Year Warranty),"Rs. 108,000"
"HP Victus 15.6 AMD Ryzen 5 7535HS, 8GB RAM, 512GB SSD, 15.6"" FHD 144Hz NVIDIA GeForce RTX 2050 4GB, Win 11 Home, Silver","Rs. 95,500"
"Lenovo ThinkPad L14 Gen 3,12 Gen Intel Core™ i7-1265U|1 TB SSD|32 GB DDR4|14"" FHD (1920 x 1080)|Backlit Keyboard| FP Reader|Win 11 Pro","Rs. 157,489"
"Lenovo ThinkPad T14 Gen 5, Intel Core Ultra 7-155U | 16 GB DDR5 | 512 GB SSD | 14"" WUXGA (1920x1200) IPS, Touch-Screen | Intel® AI Boost | Backlit Keyboard | Win 11","Rs. 241,499"
"Acer Nitro V i7 13th 13620H | 16GB | 512ssd | RTX 4050 | 15.6"" 144Hz Laptop","Rs. 136,990"
ASUS TUF GAMING A15 FA507NVR - AMD Ryzen™ 7 7435HS |16 GB DDR5 RAM | 1TB SSD | RTX 4060 - 8GB | 15.6 FHD | Backpack | Mouse | Windows 11 Home | Backlit Keyboard | 2 Years Warranty - Nagmani International,"Rs. 174,900"
"Nitro V 16 Gaming Laptop AMD Ryzen 7 8845HS | 16 GB DDR 5 | 1TB SSD | RTX 4060 8 GB GDDR6 | 16""WUXA(1920 x 1200) 165 Hz | Win 11","Rs. 160,699"
"Asus TUF Dash F15 FX516PM i7 11th Gen / RTX 3060 / 16GB RAM / 512GB SSD / 15.6"" FHD 144Hz display","Rs. 140,000"
"लयाप्टप Acer Nitro V 15 i7 13620H | RTX 2050 4GB | 16GB RAM | 512GB SSD | 15.6"" FHD 144Hz display","Rs. 118,999"
"HP 17 Laptop, 17.3” HD+ Display, 11th Gen Intel Core i3-1125G4 Processor, 8GB RAM, 256GB SSD, Wi-Fi, HDMI, Webcam, Windows 11 Home, Silver","Rs. 42,000"
"acer Aspire Go 15 AI Ready Laptop, 15.6"" FHD (1920 x 1080) IPS Display, AMD Ryzen 7 5825U, AMD Radeon Graphics, 16GB DDR4, 512GB PCIe Gen4 SSD, Wi-Fi 6, Windows 11 Home, AG15-42P-R3NB","Rs. 52,000"
"Lenovo LOQ 3 Gaming Laptop 2024 | Ryzen 5 7235HS | 12GB RAM | 512GB SSD | RTX 3050 - 6GB | 15.6"" FHD | White Backlit | 1 year warranty - NAGMANI INTERNATIONAL","Rs. 117,900"
Acer Nitro 5 Gaming Laptop Intel Core i5-11400H NVIDIA GeForce GTX 1650 Laptop GPU 15.6 inch FHD 144Hz IPS Display 8GB DDR4 512GB PCle NVMe SSD,"Rs. 114,450"
"Acer Nitro V 15 Core i5-13420H 13th Gen | 16 GB DDR5 RAM | 512 GB SSD | 15.6"" FHD 144 Hrz | RTX 3050 6GB GFX | Backlit Keyboard Laptop","Rs. 114,990"
"Lenovo Legion Pro 7 Gaming Laptop 2024 - Intel Core i9 14900HX | RTX 4080 -12GB| 32GB RAM | 1TB SSD | 16"" WQXGA 240Hz display | 1 Year warranty | NAGMANI INTERNATIONAL","Rs. 427,900"
Acer NITRO 16 AMD Ryzen 7 7735HS RTX 4070 8GB Graphics – 16GB DDR5 RAM – 512GB NVMe Gen 4 SSD – 16″ WQXGA 165Hz Display – Windows 11 Home,"Rs. 189,999"
Asus ROG Strix G513 QE Ryzen 7,"Rs. 140,000"
"Acer Swift X 14 Laptop | 14.5"" OLED 2880 x 1800 120Hz | Unlock AI Experiences | Intel Core Ultra 7 Processor 155H | NVIDIA GeForce RTX 4060 | 16GB LPDDR5X | 1TB SSD | SFX14-72G-77NJ","Rs. 90,000"
Lenovo Legion Slim 5 AMD Ryzen 7 8845HS RTX 4060 8GB – 16GB DDR5 RAM – 512GB NVMe SSD – 16″ WQXGA ( 2560 * 1600 ) 165Hz Display – RGB Backlit Keyboard – Windows 11 Home,"Rs. 174,999"
ASUS TUF Gaming A15 Gaming- Ryzen 7 7435HS | 16 GB DDR5 RAM | 512 SSD | RTX 2050 4 GB | Win11,"Rs. 126,999"
"Acer Nitro V 15 Core i7 -13620H 13th Gen/ 16 GB DDR5 RAM/ 512 GB SSD/15.6"" FHD 144 Hrz/RTX 3050 6GB GFX/ Backlit Keyboard/ Win 11","Rs. 137,990"
Lenovo LOQ I5 13th Gen 16GB Ram 512GB SSD RTX 2050 15.6 FHD,"Rs. 102,990"
Dell Latitude 5410 i5 10th Gen 8GB RAM 256GB Nvme SSD 14'' FHD Display Grey Color,"Rs. 63,000"
"MSI GF63 9SCSR I5 9TH GEN/ 8GB RAM/ 256GB SSD / GTX 1650TI / 15.6"" FHD 144Hz","Rs. 125,000"
HP Victus 15 -fa0031dx Gaming - i5 - 12450H 12th Gen 8GB RAM 512GB SSD 15.6 Full HD 144Hz NVIDIA GTX 1650 4GB Laptop,"Rs. 100,000"
HP Victus Gaming 16 2024 – AMD Ryzen™ 7-8845HS | 16GB DDR 5 | 512GB SSD | 144Hz 16.1″ FHD IPS LED DISPLAY | NVIDIA GeForce RTX 4070 8GB | Windows 11 Home | 1 Year Warranty,"Rs. 164,999"
"HP 17.3 inch Laptop, FHD Display, AMD Ryzen 5 7520U, 16 GB RAM, 512 GB SSD, AMD Radeon Graphics, Windows 11 Home, 17-cp2099nr (2024)","Rs. 53,000"
Acer Nitro V 16 AMD R7 8845HS / 16GB / 1TB SSD/ RTX 4060 8GB / 16 inch WUXGA 165Hz IPS Panel,"Rs. 157,999"
Asus Vivobook Flip Tp 470 I3-11Th Gen 8 Gb Ram /256 Gb Ssd Touch,"Rs. 68,250"
Lenovo LOQ Ryzen 5 7235HS 12GB Ram 512GB SSD RTX 3050 144hz,"Rs. 96,499"
ASUS ROG Zephyrus G14 GA403UV - AMD Ryzen 9 8945HS Processor | 16GB RAM | 1TB SSD | NVIDIA GeForce RTX 4060 8GB Graphics Card | 14-inch ROG Nebula Display 3K | Sleeve| Mouse | Win 11| 2 Year Int'l Warranty | 1 Year Perfect Warranty - NAGMANI INTERNATIONAL,"Rs. 318,900"
"Acer Predator Helios 300 i5 10th Gen RTX 3060 16GB RAM 512GB SSD 15.6"" FHD 144Hz Display","Rs. 112,499"
Acer Nitro V15 intel core™ i5-13420H | 16 GB DDR5 ram | 512 GB SSD storage | Nvidia® GeForce® RTX 3050 6 GB graphics | 15.6 inch with 144HZ Display,"Rs. 110,000"
"2024's Lenovo Legion Slim 5 16AHP9 (AMD Ryzen 7 8845HS Processor | 16GB RAM | 512GB SSD | RTX 4060 8GB Graphics | 16"" WQXGA (2560 x 1600) 165Hz 100% sRGB IPS Display | 1 Year Warranty | 4-Zone RGB Keyboard)","Rs. 170,000"
"Lenovo LOQ 15ARP9 AMD Ryzen 7 7435HS | 16 GB DDR5 | 512 SSD | RTX 4050 6GB GDDR6 | 15.6"" FHD (1920x1080) | Win 11","Rs. 139,999"
Lenovo LOQ 15 AMD Ryzen 7 7435HS RTX 4070 8GB Graphics – 16GB DDR5 RAM – 512GB NVMe SSD – 15.6″ FHD 144Hz Display – Backlit Keyboard – Windows 11 Home,"Rs. 165,999"
HP Victus Ryzen 5 7535HS 8GB 512GB SSD RTX 2050 4GB 15.6″ FHD 144Hz,"Rs. 97,690"
"Acer Aspire A514-54-501Z 14"" 8GB 256GB SSD Core i5-1135G7 2.4GHz, Gold","Rs. 50,000"
Acer Aspire Go 14 AG14-21P (AMD Ryzen 5 7520U Processor | 16GB RAM | 512GB SSD | 14-inch WUXGA (1920 x 1200) Display | AMD Radeon Graphics | 1 Year Warranty),"Rs. 67,999"
"Asus Vivobook Go 14 E1404F Ryzen 5-7520U 8GB RAM 512GB NVMe SSD 14.0"" FHD Display","Rs. 77,000"
"Lenovo IdeaPad Slim 3i 2023 15 i3 13Th Gen / 8GB RAM / 256GB / 15.6"" FHD display","Rs. 60,000"
"Lenovo IdeaPad 3 15ITL05 81X80055US 15.6"" Notebook - Full HD - 1920 x 1080 - Intel Core i3 11th Gen i3-1115G4 Dual-core (2 Core) 3 GHz - 4 GB RAM","Rs. 30,000"
"MSI Cyborg 15 A13UDX Gaming Laptop (13th Gen Core i7 | 16GB RAM | 512GB Gen4 SSD | 15.6"" FHD 144Hz | NVIDIA RTX 3050 6GB | Win 11 Home)","Rs. 150,000"
"Acer Aspire 3 2023 Ryzen 3 7320U 4GB RAM 256GB SSD 15.6"" FHD Display","Rs. 52,490"
Acer Aspire 5 15 (14th Generation Intel® Core™ 5 processor 120U Processor | 8GB RAM | 512GB SSD | 15.6-inch FHD (1920 x 1080) IPS Display | Intel UHD Graphics | 1 Year Warranty),"Rs. 80,000"
"HP 15.6"" FHD Laptop Intel Core i5-1235U Processor, Lifetime Microsoft Office2024 License, Windows 11 Pro, 16GB RAM 1.5TB SSD(1TB Internal SSD+512GB External Portable SSD), Bluetooth, Type-C, Silver","Rs. 61,000"
"Acer Predator Helios Neo 16 / i7 13th Gen / RTX 4060 / 16GB RAM / 1TB SSD / 16"" 165Hz Display","Rs. 196,490"
Acer Aspire lite i3 13 Gen 8Gb Ram 512 GB SSD 14 Inch FHD Display,"Rs. 58,000"
Dell Latitude 5490 i5-8th Gen 8GB 256 M.2 SSD 14″ Business Notebook,"Rs. 72,000"
"Dell Vostro 3400 i5 11th Gen / 8GB RAM / 256GB SSD / Nvidia MX330 / 14"" FHD Display","Rs. 50,000"
"Asus VivoBook F415EA i5 11th Gen 8GB RAM 256GB SSD 14"" FHD display","Rs. 80,000"
Lenovo LOQ I5 13th Gen 16GB Ram 512GB SSD RTX 2050 15.6 FHD,"Rs. 113,000"
lenovi ideapad slim 3,"Rs. 85,000"
"Acer Predator Helios Neo 16 2024 i9 14900HX | RTX 4060 | 16GB RAM | 1TB SSD | 16"" WQXGA 240Hz display","Rs. 221,999"
"Acer Aspire 3 2023 Ryzen 5 7520U 8GB RAM 256GB SSD 15.6"" FHD Display","Rs. 69,000"
ASUS VivoBook GO 15 Intel Core i3 13th Gen 8GB RAM DDR4 128GB SSD 15.6″ Full HD Windows 11 Home Genuine Laptop,"Rs. 58,990"
"Acer Nitro 16 / RTX 4050 6GB /Ryzen 5 8645H/ 512GB Gen4 SSD / 16"" WUXGA 2k 165hz 100%sRGB display Gaming Acer Nitro Laptop.","Rs. 132,999"
"ASUS Vivobook Go E1404GA - Intel i3 13th Gen N305 | 14"" FHD Display | 8GB RAM | 512GB SSD | Fingerprint | Backpack | Mouse | Win11 | 2 Year Int'l Warranty | 1 Year Perfect Warranty - NAGMANI INTERNATIONAL","Rs. 67,900"
"Lenovo LOQ 15ARP9, Ryzen 5 7235HS | 12 GB DDR 5 | 512 SSD | RTX 3050 6 GB | 15.6"" FHD (1920 x 1080) IPS | Backlit Keyboard | Win 11","Rs. 111,299"
"Acer Aspire 3 2023 13th Gen i3 / 4GB RAM / 256GB SSD / 14"" FHD Display","Rs. 60,000"
Acer Aspire 3/ Ryzen 5-5500U / 15.6″ Full HD / 8GB RAM / 512GB SSD,"Rs. 73,999"
Acer Nitro V 15 Intel Core i7 13th Gen 13620H RTX 4060 8GB Graphics – 16GB DDR5 RAM – 1TB NVMe SSD – 15.6″ FHD 144Hz Display – Backlit Keyboard,"Rs. 154,999"
Asus Vivobook,"Rs. 82,500"
Dell Latitude 5420 Core I5 11th Gen/16GB RAM/256GB SSD/14'FHD,"Rs. 62,500"
"Acer Swift 3 Ryzen 3 5300U / AMD Vega 8 / 8GB RAM / 256GB SSD / 14"" FHD Display","Rs. 65,000"
Dell Latitude 5310 Intel Core i5 10th Gen i5 10310U 256 GB SSD 8GB RAM,"Rs. 85,000"
Asus VivoBook 14 2023 X1404VA i5 13th Gen | 8GB RAM | 512GB SSD |,"Rs. 78,000"
"Acer aspire Lite Laptop with Intel i5 1334U 16GB RAM / 512GB SSD / 16"" FHD Display Windows 11","Rs. 74,999"
"ASUS Vivobook Go E1404 (2023) - Ryzen 5 7520U| 14"" FHD Display| 8GB RAM| 512GB SSD | Fingerprint, Backlit, Backpack, Mouse,","Rs. 77,500"
"lenovo ideapad 3 i310th gen/4gb ram/ 1tbhdd/ 2gb nvidia graphics/ 15.6""","Rs. 34,000"
"ASUS Vivobook Go E1504 - (Ryzen 3 7320U, 15.6"" FHD Display, 8GB, 256GB SSD, Backlit KB, Win11, Backpack, Mouse, 2 Yrs Int'l Warranty) - NAGMANI INTERNATIONAL","Rs. 64,444"
Newly lunched-Lenovo Yoga 6 13ALC6 Touch Screen 360 Degree Rotate 5500U 2.1G 8GB RAM 256GB SSD 13.3″ HD,"Rs. 109,990"
Lenovo Yoga 7 2-in-1 Laptop | Ryzen 5 8640HS | 8 GB RAM | 512 Gb SSD Storage | 14″ 2k Touchscreen Display | 1 year Warranty,"Rs. 95,000"
Lenovo IP 1 Ryzen 3 7320U 4GB RAM/256GB SSD/15.6 Display,"Rs. 52,000"
Asus Zenbook 14X OLED Q410 I5-13500H-8GB RAM-512GB SSD-14.5' 2.4K 120Hz Display,"Rs. 104,990"
"Lenovo Ideapad 1 15lGL7 11thGen Intel Celeron N4020 8GB DDR4 RAM 256GB SSD 15.6""' HD Display","Rs. 38,997"
Honor Magic Book X15 NoteBook BBR-WAH9F Intel core i5 10gen / 8gb DDR4 Ram /512gb NVME SSD / 15inch display,"Rs. 72,000"
Lenovo ideapad Slim 3 i5 13th Gen 8GB RAM 512ssd 15.6 Screen Laptop,"Rs. 75,500"
"Asus VivoBook X413JA i3 10th Gen 4GB RAM 128GB SSD 14"" FHD display","Rs. 59,000"
Acer Aspire 5 A515-56-32DK,"Rs. 53,550"
"ASUS VivoBook 14 (2024) X1404VA | 14th Gen Intel Core 5 120U Processor | 8GB RAM | 512 GB G4 SSD | 14"" FHD | Win11 | Backlit Keyboard | Fingerprint | Backpack - NAGMANI INTERNATIONAL","Rs. 98,900"
"Asus ROG Zephyrus Duo 15 SE GX551 / AMD Ryzen 9 5900HX / RTX 3080 / 32GB RAM / 1TB SSD / 15.6"" FHD Touch + 14"" FHD Touch/Stylus Support","Rs. 500,000"
Dell Latitude 13inch 5320 Model (11th generation i5 processor/ 8gb RAM / 256GB SSD),"Rs. 118,000"
Dell Inspiron 15 3530 i5 13th Gen - 1335U | 8GB | 512SSD | Intel UHD | FHD,"Rs. 84,000"
Acer NITRO V 16 AMD Ryzen 7 8845HS RTX 3050 6GB Graphics – 16GB DDR5 RAM – 512GB NVMe SSD – 16″ WUXGA 165Hz Display – Windows 11 Home,"Rs. 134,999"
Lenovo Legion 5 Ryzen 7 5800H RTX 3070 16GB Ram 512GB Ssd 15.6'' 165Hz FHD,"Rs. 235,000"
Lenovo LOQ,"Rs. 92,000"
Acer Aspire Go 14 AG14-21P (AMD Ryzen 5 7520U Processor | 16GB RAM | 512GB SSD | 14-inch WUXGA (1920 x 1200) Display | AMD Radeon Graphics,"Rs. 70,000"
"Asus ROG Strix G16 2023 G614JU Core i7 13650HX / RTX 4050 / 16GB RAM / 1TB SSD / 16"" WUXGA 165Hz display / 2 Year Warranty / Bagpack / Mouse - Nagmani International","Rs. 244,444"
"Acer Predator Helios 300 / i7 11th Gen / RTX 3070 / 16GB RAM / 1TB SSD /15.6"" QHD 165Hz","Rs. 182,490"
"Lenovo ThinkBook 14 G7- Ryzen 5 7535HS, 14'' WUXGA (1920x1200), 16GB, 512GB SSD, Win 11 Home, Backlit KB, 1 Year Warranty - NAGMANI INTERNATIONAL","Rs. 110,900"
Lenovo 3250U Amd Ryzen 3 2.6Ghz 4Gb 1 Tb Hdd,"Rs. 55,000"
"Lenovo IdeaPad Pro 5 OLED 2024 - AMD Ryzen 7 8845HS | RTX 3050 6GB| 16GB RAM | 1TB SSD | 14"" 2.8K OLED 120Hz display | 1 Year warranty / NAGMANI INTERNATIONAL","Rs. 179,900"
"Laptop Acer Nitro V15 i5 13420H/8GB RAM/512 NVMe SSD/ NVIDIA RTX 3050 6GB GDDR6/15.6""/144Hz","Rs. 112,999"
Acer Swift Go 14 AI Powered Intel EVO Ultra 7 155H – 16GB DDR5 RAM – 512GB NVMe Gen 4 SSD – Intel ARC Graphics – 14″ 2.8K OLED Display – Backlit Keyboard – Fingerprint – Silver,"Rs. 134,999"
"Dell Vostro 3530 Laptop (2023) | 15.6"" 1920x1080 FHD | Core i5-1335U - 512GB SSD Hard Drive - 16GB RAM | 10 cores @ 4.6 GHz Win 11","Rs. 78,999"
Lenovo YOGA 7 2-in-1 AMD Ryzen 7 8840HS – 16GB DDR5 RAM – 1TB NVMe SSD – 14″ x360 2K Touchscreen Display – Backlit Keyboard – FingerPrint Reader – Windows 11 Home,"Rs. 135,000"
Asus Vivobook14-i5-12Gen laptop-8GB-Ram-512GB SSD,"Rs. 75,996"
"Lenovo LOQ 15APH8 Gaming AMD Ryzen 7 7840HS 15.6″ FHD 144Hz, 8GB RAM, 512GB SSD, RTX4050 6144MB ,Windows 11","Rs. 133,000"
"Acer Swift Go 14, Intel Core Ultra 7 155H | 16 GB DDR5 | 1 TB SSD | 14"" WUXGA (1920x1200),IPS, Touch-Screen | Intel ARC Graphics | Backlit Keyboard | Win 11","Rs. 117,599"
"Asus Rog Strix Gaming Laptop 8 GB RAM 512 GB SSD 15.6""","Rs. 156,999"
"ASUS Vivobook Go E1504 - Ryzen 5 7520U, 15.6"" FHD Display, 8GB, 512GB SSD, Win11, 2 Yrs Int'l Warranty - NAGMANI INTERNATIONAL","Rs. 78,900"
"Acer Aspire Lite 14 2024 Intel Core i3-N300 | 8GB RAM | 512GB SSD | 14"" WUXGA Display ","Rs. 50,900"
"MSI GF63 Thin 10SC / i5 10th Gen / GTX 1650 / 8GB RAM / 512GB SSD / 15.6"" FHD Display","Rs. 110,000"
"Lenovo Legion 5 Intel Core i9-14900HX, 14 Gen | 32 GB DDR5 | 1 TB SSD | RTX 4060 8GB GDDR6 | AI-Powered Gaming PC | 16"" WQXGA (2560x1600) IPS | Win 11","Rs. 264,499"
Acer Aspire Lite 14 Intel Core i3 N300 13th Generation – 8GB DDR5 RAM – 512GB NVMe Gen 4 SSD – Intel Integrated Graphics – 14″ WUXGA Display – Silver,"Rs. 55,555"
Acer NITRO 16 AMD Ryzen 7 7735HS RTX 4070 8GB Graphics – 16GB DDR5 RAM – 512GB NVMe Gen 4 SSD – 16″ WQXGA 165Hz Display – Windows 11 Home,"Rs. 175,999"
"Lenovo ThinkBook 14 G7- Ryzen 7 7735HS, 14'' WUXGA (1920x1200), 16GB, 512GB SSD, Win 11 Home, Backlit KB, 1 Year Warranty - NAGMANI INTERNATIONAL","Rs. 134,900"
HP Notebook 14-EP0063CL | Intel Core i3 13th Gen 1315U | 12GB RAM | 512GB SSD | Intel UHD Graphics | 14″ FHD Display),"Rs. 59,999"
Dell Vostro 3520 (12th Gen Intel Core i3 1215U Processor | 8GB DDR4 RAM | 256GB NVMe SSD | Intel UHD Graphics | 15.6-inch FHD (1920 x 1080) Display ,"Rs. 49,999"
"ASUS VIVOBOOK F512J CORE™ I5 10ª GEN. TOUCH 256GB SSD 8GB 15.6"" FHD WIN10 WEBCAM","Rs. 75,000"
HP Notebook 14-EP0063CL | Intel Core i3 13th Gen 1315U | 12GB RAM | 512GB SSD | Intel UHD Graphics | 14″ FHD Display),"Rs. 58,000"
Acer Aspire Go 14 AG14-21P (AMD Ryzen 5 7520U Processor | 16GB RAM | 512GB SSD | 14-inch WUXGA (1920 x 1200) Display | AMD Radeon Graphics,"Rs. 68,399"
"Great Asia TK-E140: High-Performance Windows Laptop | 14"" HD Display | Intel N3350 CPU | 6GB RAM , 128GB SSD","Rs. 35,999"
Laptop Acer Aspire5 A515-56-57XR i5 11th Gen-8GB-512SSD,"Rs. 88,600"
HP Victus 15 i5 13th Gen 8GB 512GB RTX 3050 6GB 15.6 144Hz Win 11,"Rs. 125,000"
"Asus Rog Strix Scar 15 / Ryzen 9 5900HX / RTX 3080 / 16GB RAM / 1TB SSD / 15.6"" FHD 300Hz Display","Rs. 410,000"
"Acer Nitro 5 2023 AMD Ryzen™ 5 7535HS / RTX 3050 / 8GB RAM / 512GB SSD / 15.6"" FHD 144Hz display / 2 Year Warranty","Rs. 128,000"
Asus Exportbook B1402 I5/12th Gen/8GB RAM/512GB SSD/14FHD/Backlite Keyboard,"Rs. 74,999"
"HP Victus 15 Ryzen 7 5800H 16 GB RAM 512 GB SSD RTX 3050Ti 15.6"" FHD 144Hz","Rs. 123,390"
Dell Vostro 3520/Core i5/12th Gen/8 GB RAM /256GB SSD/15.6” FHD,"Rs. 67,000"
"Laptop Acer Nitro V15 i5 13420H/16GB RAM/512 NVMe SSD/ NVIDIA RTX 4050 6GB GDDR6/15.6""/144Hz","Rs. 123,999"
Acer Aspire 14 | Core 5 120U | 16 GB RAM | 512 GB SSD | 14″ FHD IPS Display | Intel Integrated Graphics | 1 Year Warranty,"Rs. 82,000"
Dell Latitude 5330 | Core i5-12th Gen | 16 GB RAM | 512 Gb SSD | 13.3″ FHD Display | Backlit Keyboard | 1 Year Warranty,"Rs. 79,999"
"Dell Inspiron 5310 I7 11th Gen / 8GB RAM / 512GB SSD / 13.3"" FHD Display","Rs. 140,000"
"Acer Aspire GO 14 AMD Ryzen 5 - 7520U / 8 GB DDR5 RAM/ 512GB SSD/14"" WUXGA / Win 11","Rs. 68,990"
Acer Aspire 5 i3 11th Gen 8gb Ram 256gb Ssd,"Rs. 75,000"
Asus Vivobook 15 | Intel Core i5 120U | 8GB | 512SSD | Intel UHD | FHD,"Rs. 109,999"
"Acer Predator Helios Neo 16 2024 i7 14900HX | RTX 4060 | 16GB RAM | 1TB SSD | 16"" WQXGA 240Hz display","Rs. 209,999"
"MSI Cyborg 15 AI A1VEK Gaming Laptop (Intel Ultra 7 | 16GB RAM | 512GB Gen4 SSD | 15.6"" FHD 144Hz | NVIDIA RTX 4050 6GB | RGB Keyboard | Win 11 Home)","Rs. 180,800"
Laptop Acer Predator Helios 300 i7 11th Gen-8GB-1TB SSD-RTX3050TI 4GB-OS,"Rs. 150,000"
Dell Vostro 3520 (12th Gen Intel Core i3 1215U Processor | 8GB DDR4 RAM | 256GB NVMe SSD | Intel UHD Graphics | 15.6-inch FHD (1920 x 1080) Display | 1 Year Warranty),"Rs. 51,500"
"Asus Vivobook S 16 OLED - S5606MA - (Intel Core Ultra 9 185H Processor | 16GB | 1TB Gen 4 SSD | 16"" 3.2K OLED | RGB Keyboard | Type-C | 2 Years International Warranty )","Rs. 205,000"
ASUS TUF Gaming A15 Gaming- Ryzen 7 7435HS | 8 GB DDR5 RAM | 512 SSD | RTX 2050 4 GB | Win11 | 2 Year Warranty,"Rs. 122,850"
Asus ExpertBook I5-8GB-512 SSD 14 FHD,"Rs. 82,000"
HP – Pavilion Plus 14″ Wide Ultra XGA Laptop – AMD Ryzen 5 7540U – 16GB Memory – 512GB SSD,"Rs. 95,000"
V15 Intel Celeron N4500 – 4GB DDR4 RAM – 256GB NVMe SSD – Intel UHD Graphics – 15.6″ FHD Screen – Black,"Rs. 40,000"
"Lenovo Legion 16AHP9 AMD Ryzen 7 8845HS | 16 GB DDR5 | 512 GB SSD | RTX 4060 8 GB | 16"" WQXGA (2560x1600) 165 Hz | RGB Backlit | Win 11","Rs. 173,299"
Asus Vivobook 14 - R3 7320U I 8GB I 512GB SSD I Radeon Graphics I FHD I,"Rs. 79,999"
"Asus Vivobook 14 X1402ZA, i5, 12th Gen Core, 8Gb, 512Gb SSD, 14"" Display, Windows 11, Backlit keyboard, Magic Numpad | Nagmani International","Rs. 91,490"
"Dell Vostro 3520 Core i5 12th Gen /8GB RAM/512GBSSD/15.6""FHD/ Nvidia MX550 2GB GFX","Rs. 79,499"
Asus Vivobook 14 X1404ZA-EB717W- i5 - 1235U | 8GB | 512SSD |Intel UHD Graphics | FHD,"Rs. 77,000"
"ASUS ZENBOOK DUO UX482EG i7 11TH GEN/ 16GB RAM/ 1TB SSD/ MX450 / STYLUS/ 14"" FHD Touchscreen + 12.6"" FHD TOUCH","Rs. 150,000"
Acer NiTRO 5 i5 10th Gen 8gb Ram 512gb Ssd Rtx 3060 144hz,"Rs. 111,999"
Asus ZenBook Q408UG Ryzen 5 4500U 8GB RAM 256GB SSD MX450 2GB 14” FHD display,"Rs. 105,000"
Lenovo IP 1 Ryzen 5 7520U 8GB RAM/512GB SSD/ 15.6 Display,"Rs. 61,997"
V 15 Intel Core i5 13th Gen 13420H RTX 4050 6GB Graphics – 8GB DDR5 RAM – 512GB NVMe SSD – 15.6″ FHD 144Hz Display – Backlit Keyboard – Black,"Rs. 130,000"
"Dell XPS 13 9340 Intel Ultra 7 155H 16 Cores | 16GB RAM | 512ssd | 13.4"" WUXGA Infinity Screen | Backlit Keyboard Laptop","Rs. 224,990"
Acer Aspire 3 15 Ryzen 7 4700U,"Rs. 67,000"
"Lenovo Legion 5 Gaming Laptop 2024 - Intel Core i9 14900HX | RTX 4070 8GB| 32GB RAM | 1TB SSD | 16"" WQXGA 165Hz display | 1 Year warranty","Rs. 308,900"
Acer Aspire 5 Ryzen 7 5700U / 8GB RAM /512gb nvme ssd / 15.6″ FHD IPS Display,"Rs. 78,000"
"Lenovo Thinkbook 13s Core i7 - 1165G7 11th Gen / 8 GB LPDDR4 RAM/ 256 GB SSD/13.3"" IPS/ Backlit Keyboard/ Win 11 Pro","Rs. 98,990"
"Acer Aspire 5 2023 13th Gen i5 / 8GB RAM / 256GB SSD / 15.6"" FHD Display","Rs. 95,000"
Asus Zenbook Flip 15 Q508U AMD Ryzen 7 5700U 8GB 256GB SSD 15.6″ FHD Touchscreen x 360 Rotate NVIDIA MX450 2GB Laptop,"Rs. 114,990"
Acer Aspire 3 AL14-31P Ultraslimbook i3-N305-8GB RAM-512GB SS-14FHD-Sliver Color,"Rs. 58,000"
"Hp Laptop 15-ef2127wm / Ryzen 5 - 5500U / 8GB Ram / 256Gb Ssd / 15.6"" Fhd Display / Amd Radeon Graphic Natural Silver","Rs. 78,000"
Lenovo IdeaPad (slim) 3 Intel Celeron N4020 4GB RAM 256GB SSD 15.6″ HD,"Rs. 59,990"
"Dell Latitude 14 5420 - i5 1135G7 | 8GB RAM | 256GB SSD | 14"" Full-HD Display |","Rs. 90,000"
"xLab x-Book Series XL-156P Laptop- i3, 8GB RAM, 256GB SSD, Fingerprint Security, 15.6"" Full HD Display","Rs. 79,777"
"Lenovo Ideapad 1 N4020 Intel Celeron/4gb RAM/256GB SSD/14"" HD Laptop","Rs. 33,999"
"Acer Aspire 3 AMD Ryzen 3 7320U | 4GB RAM | 256GB SSD | 15.6"" FHD | Silver","Rs. 45,500"
Asus zenbook,"Rs. 135,000"
"Asus Vivobook X1404ZA Intel Core i3- 1215U 12th Gen | 8 GB RAM | 256 GB SSD | 14"" FHD(1920 x 1080) | Magic Numpad | Win 11","Rs. 56,699"
Laptop Acer Aspire5 A515-56-37U2 i3 11th Gen-4GB-1TB,"Rs. 70,000"
V15 Intel Celeron N4500 – 8GB DDR4 RAM – 256GB NVMe SSD – Intel UHD Graphics – 15.6″ FHD Screen – Black,"Rs. 42,000"
"Honor MagicBook X 15 with Intel 10th Gen/8GB/512GB/15.6""","Rs. 85,000"
"Acer Aspire Lite 12th Gen Intel Core i3-1215U | 8 GB DDR4 | 512 SSD | 15.6""FHD ( 1980X1080) | Win 11","Rs. 56,990"
"HP Victus 15 AMD Ryzen 5 8645 HS | 8 GB DDR5 | 512 GB SSD | RTX 4050 | 15.6"" FHD (1920x1080) 144hz | Backlit Keyboard | Win 11","Rs. 114,990"
"Acer Swift Go 2023 13Th Gen i7 13700H / 16GB RAM / 1TB SSD / 14"" 2.8K OLED display / Backlight Keyboard","Rs. 168,480"
"Dell Vostro 3530 (Intel Core i7 1355U Processor | 16GB RAM | 512GB SSD | Intel Graphics | 15.6"" FHD (1920 x 1080) IPS Display | 1 Year Warranty)","Rs. 100,499"
Lenovo IP 1 Ryzen 5 7520U 8GB RAM/512GB SSD/ 15.6 Display,"Rs. 61,197"
ASUS ZENBOOK 14 OLED - UX3405CA - Intel Core Ultra 7 255H | 16 GB RAM |512GB SSD PCIe Gen 4 | 14 inch Wuxga Touchscreen | Genuine Win 11 | Ponder Blue |NUMPAD | 2 Year Int'l Warranty | 1 Year Perfect Warranty - NAGMANI NTERNATIONAL,"Rs. 192,900"
"Lenovo IdeaPad 3 15.6 Laptop, AMD Ryzen 5 3500U 8GB Memory, 256GB SSD, Windows 10","Rs. 69,999"
ASUS ZenBook 14 OLED - New Zen with AI - UX3405MA - Intel Core Ultra 7/ 14th gen/ 16 GB RAM/ 1 TB SSD Gen 4/ 14 inch 3K OLED/ Genuine Win 11/ Ponder Blue - NAGMANI INTERNATIONAL,"Rs. 186,900"
Acer NITRO V 16 AMD Ryzen 7 8845HS RTX 4050 6GB Graphics – 16GB DDR5 RAM – 512GB NVMe SSD – 16″ WUXGA 165Hz Display – Windows 11 Home,"Rs. 143,999"
"HP 14- DQ2055WM i3 11th Gen 4GB RAM 1TB HDD 14"" HD Display","Rs. 62,000"
Asus Vivobook F1504ZA-WH52-i5-1235U 12th Gen- 8GB RAM-256GB SSD -15.6″ Full HD -Windows 11 Home Laptop,"Rs. 73,990"
"Dell Latitude 14 3440 - i5 1235U | 8GB RAM | 512GB SSD | 14"" Full-HD Display | 3 Year Warranty","Rs. 78,999"
Dell Inspiron 7506 2-in-1 laptop,"Rs. 115,000"
"Dell Latitude 3510 (15""/10th generation i5 processor / 4GB RAM / 1TB SATA)","Rs. 76,000"
"ASUS TUF Gaming F15 FX507VU | i7-13th Gen 13620H | RTX 4050 6GB | 8 GB RAM | 512 GB SSD | 15.6"" FHD 144Hz Display | Windows 11 Home| Backlit KB| 2 Years International Warranty - Nagmani International","Rs. 169,900"
"Acer Aspire 14 Core 5 120U 14th Gen / 8 GB DDR5 RAM/ 512GB SSD/14"" WUXGA IPS/ Win 11","Rs. 83,990"
Dell Inspiron 3501 i5 11th gen 12gb ram 256gb SSD 15” full HD black,"Rs. 80,000"
Dell Inspiron 15 3515 AMD Ryzen 3 3250U 4GB 1TB Radeon Graphics FHD,"Rs. 63,900"
Toshiba Terca A40 Celeron Dual Core 5205U4 4GBRAM 128GB SSD,"Rs. 42,999"
Acer Aspire 5 15 (13th Gen Intel Core i5-13420H Processor | 8GB DDR4 RAM | 512GB SSD | NVIDIA GeForce RTX 2050 4GB Graphics Card | 15.6-inch FHD IPS Slim bezel Display,"Rs. 92,000"
Asus Vivobook 14 X1404ZA-EB717W- i5 - 1235U | 8GB | 512SSD |Intel UHD Graphics | FHD | 2 Years International Warranty Includes 1 Year Asus Perfect Warranty,"Rs. 84,999"
"Acer Aspire 5 2020 i5 11th Gen 8GB RAM 512GB SSD 15.6"" FHD Display / Backlight Keyboard","Rs. 87,000"
"HP Pavilion 15-EH1070 Ryzen 7 5700U / AMD VEGA 8 / 8GB RAM / 512GB SSD / 15.6"" FHD Display","Rs. 114,450"
"Acer Aspire 5 Intel Core i5 13th Gen 8GB Ram 512GB SSD 15.6""FHD","Rs. 85,000"
"ASUS Vivobook Go E1404FA - Ryzen 5 7520U| 14"" FHD Display| 8GB RAM| 512GB SSD | Fingerprint | Backlit | Backpack | Mouse | Win11 | Cool Silver | Grey Green | Black | 2 Yrs Int'l Warranty - NAGMANI INTERNATIONAL","Rs. 80,900"
"LENOVO IDEAPAD 3 INTEL CELERON /4GB RAM/1TB HDD/14.0"" DISPLAY","Rs. 43,500"
Dell inspiron 3530 i5 13th | 8 Gb Ram | 512 Gb Nvme SSD | 15.6 inch FHD Display | 3 years warranty | Platinum Silver color | Neo Authorize Product,"Rs. 92,500"
Dell Latitude 5320 i7 11th gen 8gb RAM / 256GB SSD /13 inch,"Rs. 154,000"
"Lenovo Slim 7 Core i5 1035G1 8GBRAM 512GB SSD 14"" Windows 10","Rs. 99,999"
"Dynabook Tecra Toshiba A40-G Intel Celeron 5205U 1.9GHz Laptop, 4GB RAM, 128GB SSD, 14"" HD LED, Windows 10 Pro genuine","Rs. 46,900"
Dell Inspiron 14 7440 2-in-1 Intel Core™ 5 120U 14th Gen 8GB RAM DDR5 512GB SSD 14″ WUXGA-Touchscreen x360 Windows 11 Laptop,"Rs. 108,990"
"Dell Inspiron 14 7430 i5 13th Gen 8GB RAM 512GB SSD 14"" 360 Touchscreen FHD","Rs. 107,490"
"ASUS VivoBook Flip TM420UA RYZEN 5 5500U / 8GB RAM / 512GB SSD / 14"" FHD IPS 360 Touch display / Stylus support - NAGMANI INTERNATIONAL","Rs. 106,900"
"Acer Aspire 5 Laptop 13th Gen Intel Core i5 \ Windows 11 home \ 8 GB \ 512 GB \ Intel Graphics A514-56M 14"" \ 2 Years Warranty","Rs. 86,000"
Dell Inspiron 16 Plus 7630 i7-13700H 13th Gen 16GB RAM 1TB SSD 16″ 2.5K (2560×1600) 120Hz Screen Windows 11 Laptop,"Rs. 141,990"
Asus ROG Strix G16 (2023) G614JU-N3122W - i7-13650HX | 16GB RAM,"Rs. 273,172"
"Acer Aspire 5 14 2023 13th Gen i5 / 8GB RAM / 512GB SSD / 14"" WUXGA Display / 2 Year Warranty","Rs. 95,000"
Acer Predator Helios Neo 16 i7 13th Gen 13700HX 8GB RAM 512GB ssd 6GB RTX 4050 Graphic Laptop,"Rs. 182,500"
"Dell Inspiron 5410 2-In-1 I7 11th Gen / Nvidia MX350 2GB / 16GB RAM / 512GB SSD / 14"" FHD 360 Touch Display / Active Stylus","Rs. 163,000"
"Lenovo Ideapad 1 Ryzen 5 7520U | 8GB DDR5 | 256GB SSD | 15.6"" FHD | Cloud Grey","Rs. 57,999"
Asus Vivobook 15 X1504VA-E8855W - Intel Core 5 120U | 8GB | 512SSD | Intel UHD | FHD | Touch | 2 Years International Warranty - neostore,"Rs. 118,599"
"Hp Pavilion 14 X360 / Intel Core I5-10th Gen / 8Gb Ram/ 256Gb Ssd/ 14.0""Inch Touch 360","Rs. 96,000"
IdeaPad Slim 3 13th Gen 13420H Intel Core i5 – 8GB DDR5 RAM – 512GB NVMe SSD – Intel Integrated Graphics – 15.6″ FHD TN Display – Arctic Grey,"Rs. 80,000"
"Dell Inspiron 14 Plus 7440 2024 - Intel Ultra 7 processor 155H | 16GB RAM | 1tb SSD | 14"" FHD + Display","Rs. 134,999"
"MacBook Pro (16-Inch, M3 Pro, 2023) 12C CPU - 18C GPU, 36GB, 512","Rs. 479,000"
"HP Envy x360 14 i7 13th Gen / 16GB RAM / 1TB SSD / 14"" FHD 360 TouchScreen Display","Rs. 173,232"
"Dell Vostro 15 3520 i5 12th Gen | 8GB RAM | 256GB SSD | 15.6"" FHD display","Rs. 65,999"
Dell Vostro 3400 I3 11th Gen 8GB-512GB SSD+1TB HDD 14' Display,"Rs. 67,998"
Acer A315-35-C8IE Processor: Intel Celeron N5100 Memory: 4GB RAM Storage: 1 TB SSD Screen: 15.6”FHD OS: Win 10,"Rs. 60,000"
"Acer Swift 3 14 2022 Ryzen 5 5625U \ 16GB RAM \ 512GB SSD \ 14"" FHD display \ Backlight Keyboard","Rs. 99,000"
Acer Extensa 15 215 - i5 11th Gen 8GB 256SSD 15.6FHD,"Rs. 68,998"
"Dell Latitude 3410 i5/ 10th Gen/ 8GB/ 256 GB SSD/ 14"" Laptop","Rs. 112,000"
"ASUS Vivobook X1404VA | Intel Core 7 150U processor| 16GB RAM | 1TB SSD | 14"" FHD (1920 x 1080) display | WIN 11| Cool Silver| Backlit Keyboard | Backpack| Mouse | 2 yrs Warranty -NAGMANI INTERNATIONAL","Rs. 138,888"
"Dell Latitude 3420 14"" |11th gen i5 | 8gb | 256gb SSD | Factory installed win10 pro","Rs. 96,000"
"Lenovo IdeaCentre AIO 24IRH9, i7-13620H, 16GB RAM, 512GB SSD, 24"" inch FHD 100Hz","Rs. 127,999"
HP 15S-EQ2120AU RYZEN7 8GB RAM/512GB SSD/OS,"Rs. 90,000"
"MSI Modern 14 B11MOU ( i5-11th Gen 1155G7 | 8GB RAM | 512GB SSD | 14.0"" FHD IPS | Backlit Keyboard | USB-C | Win 10)","Rs. 84,900"
"Acer Swift 3 Ryzen 7 5700U / AMD Vega 8 / 8GB RAM / 512GB SSD / 14"" FHD Display","Rs. 95,000"
"Acer Aspire 3 2023 Ryzen 3 7320U 4GB RAM 256GB SSD 15.6"" FHD Display","Rs. 60,000"
"Acer Nitro V i7 13th Gen 13620H | 16GB DDR5 | 512GB SSD | RTX 4050 6GB | 15.6"" FHD 144Hz","Rs. 139,999"
"Lenovo IdeaPad 1 14AMN7 | Ryzen 5-7520U | 8GB RAM | 256GB SSD | 14"" FHD Display","Rs. 64,999"
Acer Swift Go 14 Intel® Core™ Ultra 7 155H 14th Gen | 16GB RAM LPDDR5X |1TB SSD | 14″ WUXGA IPS Touchscreen | Windows 11 Home Laptop,"Rs. 124,990"
Acer Predator Helios 300 Neo 16 i7 13th Gen RTX 4050 16GB RAM 1TB SSD 165Hz,"Rs. 190,000"
Business Series- Dell Latitude 3440 | 12th Gen i5 Processor | 8GB | 512GB SSD | Non-Backlit | 3yrs warranty,"Rs. 89,000"
Laptop Acer Swift 3 Ryzen5 5500U 8Gb Ram 512Gb Ssd,"Rs. 95,000"
"MSI Prestige 14H 14” FHD+ Business Laptop: Intel Core i5-12500H, NVIDIA Geforce RTX 2050, 16GB LPDDR5, 512GB NVMe SSD, Cooler Boost 5, Win 11 Pro: Urban Silver B12UCX-629US","Rs. 75,000"
Acer Aspire 14,"Rs. 82,500"
Acer Swift Go Ultra 7 155H 16GB Ram 512GB SSD 14' WQXGA Touch Display,"Rs. 117,499"
"Asus Zenbook 14 Um3402Ya - 7Th, Ryzen 5 7530, 8Gb Ram, 512Gb Nvme Ssd, 14"" 2K Display , Backlit Kb, Magic Numpad, Fingerprint, Genuine Win 11, / Nagmani International","Rs. 118,900"
Laptop Acer Aspire5 A515-56-53E6 i5 11th Gen-4GB-1TB,"Rs. 76,500"
Lenovo Legion,"Rs. 181,000"
"Acer Vero V15 Intel Core i5 13th Gen | 8GB RAM | 512GB ssd | 15.6"" FHD Screen | Backlit Keyboard | Windows 11 Genuine | FP Laptop","Rs. 80,990"
Lenovo Legion 5 PRO / Ryzen 7 5800H / RTX 3070 / 16GB RAM / 512GB SSD /16'' 165Hz,"Rs. 260,000"
Dell Vostro 3520 | Core i3-12th Gen | 8 GB RAM | 512 GB SSD | 15.6″ FHD Display | Integrated Graphics,"Rs. 57,000"
"Acer Nitro 5 2023 i5 12450H / RTX 4060 8GB / 8GB RAM / 512GB SSD / 15.6"" FHD 144Hz display / 2 Year Warranty","Rs. 168,000"
Avita Liber E Ryzen5 5500U,"Rs. 65,999"
Acer Aspire 5 2022 Intel Core I5 12 Gen 8 GB RAM/256 GB 15.6 inch Display - OTE,"Rs. 80,000"
"ASUS Vivobook 14X (K3405) - 13th Gen Intel i9 13900H, 16GB RAM, 1TB NVMe SSD, 14.0-inch, WUXGA, Windows 11, Bagpack, Mouse, 2 Years Int'l Warranty - Nagmani International","Rs. 152,222"
"Lenovo LOQ 15 Gaming Laptop 2024 - Intel Core i7 14700HX | RTX 4060 - 8GB | 16GB RAM | 1TB SSD | 15.6"" FHD (1920x1080)144Hz display | 4-Zone RGB Backlit |1 Year warranty | NAGMANI INTERNATIONAL","Rs. 215,900"
"Acer Aspire 5 A515 i5-1335U 8GB RAM 512GB SSD 15.6"" FHD IPS Display","Rs. 75,000"
Laptop Acer Aspire3 A314-22-R96E AMD Ryzen3 4GB-1TB,"Rs. 58,800"
Acer Swift 14 SFG14-17-50S2,"Rs. 108,000"
"Lenovo LOQ 15ARP9 Gaming Laptop AMD Ryzen 7 7435HS | 16 GB DDR5 | 512 GB SSD | RTX 4060 8GB GDDR6 | 15.6"" FHD (1920x1080) | Backlight Keyboard | Windows 11","Rs. 156,499"
"Roll over image to zoom in Lenovo Ideapad Gaming 3 11th Gen Intel Core i5 15.6"" (39.62cm) FHD IPS Gaming Laptop (8GB/512 GB SSD/Windows 10/Nvidia GTX 1650 4GB/120Hz Refresh Rate/Backlit Keyboard/Shadow Black/2.25Kg), 82K100MVIN","Rs. 85,000"
Laptop Acer Aspire5 A515-56-37U2 i3 11th Gen-4GB-1TB,"Rs. 70,000"
Dell Vostro 3510 corei5 11thGeneration 8gb 256gb 15.6”,"Rs. 74,000"
"Dell Latitude 3440 Intel Core i5- 1235U 12th Gen / 8 GB DDR4 RAM/ 512 GB SSD/14"" FHD/ Backlit Keyboard/ Win 11 Pro","Rs. 89,990"
"Dell Vostro 3400 Intel Core I3-11Th Gen/4Gb Ram/1Tb Hdd/14.0"" Hd","Rs. 58,500"
Lenovo V14 Celeron 4Gb Ram 256Gb SSD 14 FHD,"Rs. 38,000"
HP Laptop 15S-EQ2116AU| AMD Ryzen 5 5500U| 512GB SSD| 8GB DDR4 RAM| 15.6 Inches FHD,"Rs. 74,998"
"Dell Inspirion 3505 Ryzen 5 3450 / 8GB RAM / 512GB SSD / Vega 8/ 15.6"" FHD TOUCH Display","Rs. 79,000"
"Lenovo Legion Pro 5i / i9-13900HX / RTX 4070 8GB / 16GB RAM / 1TB SSD / 16"" Display 240Hz","Rs. 308,590"
Asus Vivobook14-i5-12Gen laptop-8GB-Ram-512GB SSD,"Rs. 82,000"
Acer Aspire 5 15 (13th Gen Intel Core i5-1335H Processor | 8GB DDR4 RAM | 512GB SSD | NVIDIA GeForce RTX 2050 4GB Graphics Card | 15.6-inch FHD IPS Slim bezel Display,"Rs. 93,999"
"Asus ROG Zephyrus G15 2021 GA503QE Ryzen 9 5900HX / RTX 3050Ti / 16GB RAM / 1TB SSD / 15.6"" FHD 144Hz display","Rs. 265,045"
Dell Inspiron 15 3515 AMD Ryzen 3 3250U 4GB 1TB Radeon Graphics FHD,"Rs. 63,900"
"Acer Aspire 3 2023 13th Gen i3 / 4GB RAM / 256GB SSD / 14"" FHD Display","Rs. 65,800"
ASUS Vivobook X1404Z 14″FHD Display Core i3 12th Gen Laptop/ 8GB Ram(DDR4)/256GB PCIEG3,"Rs. 92,500"
"Acer Swift 3 Laptop /Ryzen 7 5700U /8GB / 512 GB nvme ssd /14"" FHD IPS /Backlit Keyboard","Rs. 80,000"
"Acer Aspire 3 2021 i5 11Th Gen / 8GB RAM / 1TB HDD / 256GB SSD / NVIDIA MX350 2GB / 15.6"" FHD Display","Rs. 90,720"
Laptop Acer Aspire5 A515-56G-501J i5 11th Gen-8GB-512TB-MX350 2GB,"Rs. 90,000"
"HP Envy x360 13M i7 11th Gen 8Gb Ram 512Gb Ssd 13.3"" OLED 360 TouchScreen Display","Rs. 150,000"
"HP Laptop (15s-eq2116AU) AMD Ryzen 5 5500U /8GB RAM/512GB SSD/AMD Radeon/15.6"" FHD/Windows 10","Rs. 76,000"
"Acer Swift 3 14 2022 Ryzen 7 5825U \ 16GB RAM \ 1TB SSD \ 14"" FHD display \ Backlight Keyboard","Rs. 122,000"
"MSI Laptop Modern 15 A11MU (11th Gen i5 -1155G7 | 8 GB RAM | 512GB SSD | 15.6"" FHD 100% sRGB | Backlit Keyboard | USB-C | Win 10 Home)","Rs. 88,000"
"Lenovo Legion Slim 5 | Ryzen 7 8845HS | 16GB RAM | 1TB SSD | RTX 4060 - 8GB | 16""WQXGA Display| 4zone Backlit KB | 1 year warranty - Nagmani International","Rs. 238,900"
HP Laptop 15s-du3507TX-Intel CoreI5 1135G7-8gb/512GB-15.6 inch IPS FHD| Windows 10 Home,"Rs. 85,000"
Dell Inspiron 3520 - i5 - 1235U | 8GB | 512GB SSD | Intel UHD | FHD | Ubuntu OS,"Rs. 87,999"
HP Victus 16 QHD 240Hz AMD Ryzen 7-7840HS 16GB RAM 512GB SSD RTX 4060 8GB Win 11,"Rs. 175,790"
"V14 G2 ITL 82KA00KNUS 14"" Notebook - Full HD - 1920 x 1080 - Intel Core i5 11th Gen i5-1135G7 Quad-core (4 Core) 2.40 GHz - 8 GB RAM - 256 GB SSD - Black","Rs. 71,999"
"Acer Aspire 5 2021 i5 11th Gen / NVIDIA MX350 Graphics / 8GB RAM / 512GB SSD / 14"" FHD Display","Rs. 85,000"
Lenovo Legion Pro 5i i7 13th Gen 16GB 512GB 16″ WQXGA 165Hz RTX 4060 8GB,"Rs. 215,500"
"Microsoft Surface 3 Laptop for Business (13.5"" Multi-Touch/i5-Gen10/16GB RAM/256GB M.2 NVMe SSD/Win 10 Pro/Platinum)","Rs. 217,000"
"Dell 3501 i5 11th Gen/ 8GB/ 256ssd/ 15.6"" Laptop W10 Full HD Display Fast selling laptops","Rs. 81,999"
Inspiron 15 3520 - i3 12 Gen 1215U | 8GB | 256SSD | Intel UHD | For Professionals and Students,"Rs. 85,000"
"Lenovo ThinBook 14 Core i5-1235U 12th Gen/ 16 GB RAM/ 512 SSD/14"" FHD IPS/Backlit Keyboard/ Win 11 Pro","Rs. 89,990"
Dell Lattitude 3440/12th Gen i5 Processor/8GB RAM/512GB SSD/Backlit/3yrs Warranty,"Rs. 75,999"
HP 14-cf2224nia Intel Core i5 10th Gen 4GB RAM 1TB HDD + 2 GB AMD Radeon™ 530 Graphics 14 Inches HD Display DOS,"Rs. 65,000"
"ASUS Vivobook Go E1404FA - Ryzen 5 7520U | 14"" FHD Display | 8GB | 512GB SSD | Backlit |Numpad | Backpack | Mouse | Win11 | Mixed Black | 2 Yrs Int'l Warranty | 1 year Perfect Warranty - NAGMANI INTERNATIONAL","Rs. 80,900"
"Asus TUF A15 2023 FA507NU Ryzen 7 7735HS / RTX 4050 / 8GB RAM / 1TB SSD / 15.6"" FHD 144Hz display","Rs. 213,670"
GIGABYTE AERO 16 XE4 Intel Core i7 12th Gen 32GB Ram 2TB NVME SSD 16 4K/UHD+ AMOLED RTX 3070 Ti 8GB,"Rs. 258,000"
Aspire 3 A315-24PNotebook,"Rs. 77,000"
Dell Vostro 3430 | i3-1305U | 8GB | 512GB For Students and Professionals,"Rs. 70,500"
Dell XPS 13 7390 I7 10 GEN/ 8GB RAM/ 256GB SSD/ 13.3'' FHD DISPLAY,"Rs. 155,000"
GREAT ASIA TK-E181 I7CORE 11th Gen 8GB RAM 512GB SSD 64BIT OPERATING SYSTEM 15.6INC SCREEN,"Rs. 89,999"
"HP Victus AMD Ryzen 5 7535HS | 8GB RAM | 512GB SSD | RTX 2050 4GB | 15.6"" FHD 144hz Display","Rs. 94,999"
"DELL INSPIRON 3501 / i5-1135G7 / 8GB / 512GB / NVIDIA GeForce MX330 2GB / 15"" FHD","Rs. 109,900"
"Acer Aspire 5 intel core i5 12th gen 8GB RAM 512GB SSD Nvdia RTX 2050 4GB Graphics 15.6"" FHD Display","Rs. 83,000"
HP 14 DK1031DX Ryzen 3 8GB 1TB HDD,"Rs. 65,000"
"Dell Inspiron 5502/ Intel Core I7-11TH Gen/ 8GB RAM/ 256GB SSD/ 15.6"" FHD","Rs. 112,000"
Acer Aspire 7 A715-76G-53EO Intel core i5 12gen / 8 gb DDR4 Ram /512gb NVME SSD / Geforce RTX 3050 Graphics / 15.6 inch FHD IPS144Hz Display,"Rs. 98,000"
"HP Victus 16 Ryzen 7 8845HS | 16GB | 512ssd | 8GB RTX 4070 Graphic | 16.1"" 144Hz Gaming Laptop","Rs. 184,990"
"Dell Vostro 15 3520 Core i7 - 1255U 12th Gen/ 8 GB RAM/ 512GB SSD/15.6"" FHD/Win 11","Rs. 97,990"
"ASUS TUF Gaming A15 FA507XV - AMD Ryzen™ 9 7940HS, 16 GB RAM, 1 TB SSD, NVIDIA® GeForce RTX™ 4060, 15.6-inch FHD Display, Win 11, Backpack, Mouse, 2 yrs warranty - Nagmani International","Rs. 220,000"
Dell Inspiron 16 5620 i5 1235U 8GB Ram 512GB SSD 16 LED Full HD+ Windows 11,"Rs. 101,490"
dell Vostro 3510 Laptop,"Rs. 50,000"
Asus ROG Zephyrus M16 (2022) GU603ZW-K8093W - i9 12900H | 32GB | 1TB SSD | RTX 3070TI | QHD+ - neostore,"Rs. 336,599"
Acer Aspire 5 i7 12th Gen 8GB RAM 512GB SSD 15.6″ FHD,"Rs. 115,000"
Vostro 3510 laptop,"Rs. 43,800"
Dell Inspiron 15 3530 i7 13th Gen - 1355U | 16GB | 512SSD | Intel Iris Xe | FHD| Ubuntu,"Rs. 129,999"
Laptop Acer Predator Helios300 PH315-53-547C i5 10th Gen-8GB-512SSD-RTX3060 6GB-OS,"Rs. 118,490"
HP Probook 440 G10 I5/13th Gen/8GB RAM/512GB SSD/14 FHD,"Rs. 84,999"
Hp 3250u 4Gb Ram/256Gb Ssd/15.6'' Hd/Windows 10 Home Touch screen,"Rs. 63,000"
Laptop Acer Nitro5 AN515-55-75N2 i7 10th Gen-8GB-1TB-RTX3060 6GB-OS,"Rs. 159,000"
Acer Aspire 3 I5-11th Gen-8GB RAM-512GB SSD -15.6FHD,"Rs. 73,000"
Avita Model No. LIBER V14 Silver Color Laptop,"Rs. 93,000"
"ASUS Vivobook Go E1404 2023 Ryzen 3 7320 / 4GB RAM / 256GB SSD / 14"" FHD display / Magic NumPad","Rs. 66,044"
Dell XPS 9315 CoreTM i5-1230U,"Rs. 124,999"
"Acer Aspire 5 2023 13th Gen i5 / 8GB RAM / 512GB SSD / 15.6"" FHD Display","Rs. 85,000"
"Dell Vostro 3400 Intel Core i5 11th Gen 8GB Ram 256GB SSD 14.0""FHD","Rs. 75,000"
"Acer Nitro 5 2021 AMD Ryzen 7 5800H / RTX 3070 / 16GB RAM / 1TB SSD / 15.6"" FHD 144Hz display","Rs. 175,000"
"Lenovo IdeaPad Slim 3i 2023 15 i3 13Th Gen / 8GB RAM / 256GB / 15.6"" FHD display","Rs. 51,998"
"Dell Inspiron 5310 I5 11th Gen / 8GB RAM / 512GB SSD / 13.3"" FHD Display","Rs. 117,000"
Laptop Acer Aspire3 A314-22-R96E AMD Ryzen3 4GB-1TB,"Rs. 62,000"
"Avita Liber V14 i5 10th Gen, 8GB, 512GB SSD","Rs. 85,000"
"Acer Swift 3 2020 Ryzen 5 4500U / AMD VEGA 8 / 8GB RAM / 256GB SSD / 14"" FHD Display","Rs. 86,000"
Dell Vostro 3400/I5 Processor/4Gb Ram/1Tb Hdd/14 Inch/11th Gen,"Rs. 85,000"
"Lenovo Ideapad 3 2020 i5 /10th Gen / 8GB RAM / 512GB SSD / 14"" FHD display","Rs. 80,000"
"HP 14"" ProBook 440 G8 I5 11TH GEN/8GB RAM/128GB SSD/1TB HDD/14 FULL HD/Windows 10 Pro Laptop","Rs. 115,000"
"Dell Vostro 3510 i5 11th Gen / 8GB RAM / 512GB HDD / 15.6"" FHD Display","Rs. 82,999"
"Dell Latitude 7420 Core i7 1185G7 VPro/ 16GB RAM/ 512GB SSD/ 14"" FHD/Backlit Keyboard/Win 11 Professional (Business Series Premium Laptop) 7000 Series","Rs. 199,000"
Laptop Asus VivoBook F415EA-UB51 i5 11th Gen-8GB-256SSD-OS,"Rs. 85,000"
Laptop Acer Aspire5 A515-56-53E6 i5 11th Gen-4GB-1TB,"Rs. 80,000"
"Acer Aspire 5 14 2023 13th Gen i7 / 8GB RAM / 512GB SSD / 14"" WUXGA Display / 2 Year Warranty","Rs. 115,000"
Lenovo 5 14ALC05 AMD Ryzen™7 5700U 512 GB SSD 8GB 14'',"Rs. 102,500"
"HP 14z Laptop Ryzen 5 8GB RAM 256GB SSD 14""","Rs. 85,000"
Acer Nitro 5 Ryzen5-5600H 8 Gb Ram/1 Tb Hdd/ 1650,"Rs. 113,400"
DELL VOSTRO 14-3430 | I3-1305U | 8GB | 512 SSD | UBT,"Rs. 75,999"
Dua Screen Pos i5 8GB RAM 256SSD,"Rs. 85,000"
"xLab x-Book Series XL-156P Laptop- i3, 8GB RAM, 256GB SSD, Fingerprint Security, 15.6"" Full HD Display","Rs. 68,250"
HP Envy X360 2 in 1 | Core i7-150U | 16 GB RAM | 512 GB SSD | 14″ FHD IPS Touch Display | Backlit Keyboard,"Rs. 117,500"
Lenovo S540 intel i5 10 Gen Ram 16 Gb Storage 512 ssd Uhd,"Rs. 89,000"
"Lenovo V14 G4 - 13th Gen, Intel i7 1355U, 14"" FHD, 16GB DDR4 RAM, 512GB NVMe SSD, 45WHr Battery, 1 Year Warranty | Nagmani International","Rs. 113,333"
"DELL VOSTRO 3510 / I5-1135G7 / 8GB / 256GB SSD/ 15.6"" FHD/BEST BUSINESS LAPTOP FOR ALL / 8GB RAM LAPTOP 256GB SSD LAPTOP/ LAPTOPS / FOR OFFICE / HOME / STUDENTS","Rs. 81,999"
Acer A515-45-R0Y4 Processor: AMD Ryzen Memory: 4GB DDR RAM Storage: 256 SSD Screen: 15.6”FHD OS: Win 10,"Rs. 83,000"
Laptop Acer Swift5 SF514-54T-73BZ i7 10th Gen-8GB-512SSD-OS,"Rs. 135,000"
"Dell Latitude 5330 i7 12th Gen 16GB 256ssd 13.3"" FHD Laptop","Rs. 132,990"
"Acer Aspire 5 Core i5- 1335U 13th Gen / 8 GB RAM/ 512GB SSD/15.6"" IPS/RTX 2050 4GB Gfx / Backlit Keyboard","Rs. 99,990"
"Lenovo ThinkPad X1 Carbon Gen 10 Core™ i5-1240P 12th Gen | 512 GB SSD |16GB 14"" WUXGA IPS | Win11 Pro | Backlit Keyboard | FP Reader","Rs. 167,999"
"Acer Swift 3 Ryzen7 5700U 8GB Ram 512GB SSD 14"" FHD Display","Rs. 103,000"
Laptop Acer Aspire5 A515-56G-513K i5 11th Gen-8GB-512SSD-MX350 2GB,"Rs. 95,000"
"Dell Latitude 3420 i5 11th Gen / 8GB RAM / 1TB HDD / 14"" HD Display / 3years Warranty","Rs. 95,000"
Acer Swift 3 Intel i7 11th Generation 1165G7 8GB LPDDR4X 256GB M.2 NVMe PCIe 3.0,"Rs. 102,999"
Dell Latitude 15 3510 | i5-10210U | 4GB | 1TB For students and working professionals,"Rs. 83,500"
xLab x-Book Series XL-156P Laptop + Accessories + Security & Software,"Rs. 79,777"
"Hp Envy 13 Intel i5 10Gen 8Gb 256 ssd 13.3"" inch","Rs. 111,000"
Acer Predator Triton 500 i7 10TH GEN RTX 2070 144Hz 16GB RAM 512GB SSD,"Rs. 245,000"
Dell Inspiron 14 5445 - AMD Ryzen 7 8840U | 16GB | 1TB | Radeon Graphics | FHD+ | CoPilot AI | Windows 11 | 2 Years Warranty,"Rs. 132,900"
ASUS TUF GAMING A15 FA401WU - 14.0 WQXGA - AMD RYZEN AI 9 HX 370 | 16GB DDR5 | 1TB PCIE G4 SSD | RTX 4050 - 6GB | Backlit KB | BAG | MOUSE | 2 YEARS WARRANTY - NAGMANI INTERNATIONAL,"Rs. 252,900"
"Lenovo Ip3 Amd Ryzen 5 5500u 8Gb 256ssd 15.6"" Fhd Tn","Rs. 79,000"
"Dell Inspiron 7430 Plus i7 13th Gen 13700H | 16GB RAM | 1TB ssd | 14"" 2.5K | Backlit Keyboard Laptop","Rs. 149,990"
LENOVO IDEAPAD FLEX 5 14/2IN1 RYZEN 7-4700u/16/512,"Rs. 108,000"
"15 fc0093dx AMD Ryzen 5 7520U - 16GB DDR4 RAM - 256GB NVMe SSD - 15.6"" FHD Display - Windows 11 Home - Silver","Rs. 90,000"
"Dell Inspirion 3501 i5 11th Gen 4GB RAM 1TB HDD Nvidia MX330 2GB 15.6"" FHD Display","Rs. 86,000"
"Lenovo ThinkPad T14s Gen 3, 12 Gen Intel Core i5-1240P | 512 GB SSD | 16GB DDR5| 14"" WUXGA (1920 x 1200)Touch Screen |Backlit Keyboard | FP Reader | Win 11 Pro","Rs. 146,989"
DELL VOSTRO 14-3430 | I5-1335U | 8GB | 512 SSD | UBT,"Rs. 93,000"
Dell Inspiron 3511 I5 Laptop 11 Gen Processor 8 GB RAM 512 GB SSD 2 GB Graphics 1 Year Warranty Silver or Black,"Rs. 95,999"
Laptop Asus VivoBook F415EA-UB51 i5 11th Gen-8GB-256SSD-OS,"Rs. 85,000"
"Asus ZenBook Flip 14 OLED 2023 UP3404VA i7 13th Gen / 16GB RAM / 1TB SSD / 14"" OLED 2.8K Touch display / Magic NumPad / Stylus","Rs. 226,201"
"HP 15-eh1071AURyzen 7 5700U / AMD / 8GB RAM / 512GB SSD / 15.6"" FHD Display","Rs. 93,000"
Laptop Acer Aspire5 A515-56-57XR i5 11th Gen-8GB-512SSD,"Rs. 90,000"
"Dell XPS 13 9320 Plus (Intel Core i7 - 1360P Processor | 16GB RAM | 512 GB SSD | Intel Iris Xe Graphics | 13.4"" OLED 3.5K Display | 1 Year Warranty","Rs. 195,000"
"Acer Nitro 5 2020 I7 10TH GEN / GTX 1650ti / 15.6"" FHD 144Hz / 8GB RAM / 512GB SSD","Rs. 150,000"
"Laptop Acer Aspire 3 AMD Ryzen 7 5700U - 16GB DDR4 RAM - 512GB NVMe SSD - AMD Radeon Integrated Graphics - 15.6"" FHD Display - Silver","Rs. 105,000"
"Dell Inspirion 3501 i5 11th Gen 8GB RAM 512GB SSD Nvidia MX330 2GB 15.6"" FHD Display","Rs. 93,000"
"Lenovo Thinkpad T14 Gen 5 - Ultra 7 155h, 14'' Multi Touch WUXGA (1920x1200), 32GB DDR5 RAM, 1TB Gen4 NVMe SSD, 5.0 MP Camera with Face recognition Backlit KB, Windows 11 Professional, 3 Years Warranty - NAGMANI INTERNATIONAL","Rs. 274,900"
Avita Model No. LIBER V14 Grey Color Laptop,"Rs. 93,000"
"Acer swift3-42-R8R5 AMD ryzen 5-4500U 8GB 512GB intel UHD 14"" OS","Rs. 88,000"
"Acer Predator Helios Neo 16, 14 Gen Intel Core i9-14900HX | 16 GB DDR5 | 1 TB SSD | RTX 4060 | 16"" (1920 x 1200), IPS, 165 Hz | RGB Backlit Keyboard | Win11","Rs. 205,799"
"HP 15 AMD RYZEN 7 8GB 512GB SSD 15""","Rs. 105,000"
"MSI Summit E16 Flip Evo 2023 2-in-1 i7 13TH GEN / 1TB SSD / 16GB RAM / 16"" FHD 165Hz Touchscreen / 2 Year Warranty","Rs. 215,000"
"Acer Swift 3 14 2022 Ryzen 5 5625U / 16GB RAM / 512GB SSD / 14"" FHD display / Backlight Keyboard","Rs. 105,000"
Dell inspiron 3501 core-i5-11th GEN/8GB/256GB SSD,"Rs. 98,700"
"GWTN156 Ryzen 7 3700U I 8GB RAM I 512GB SSD I 15.6"" FHD IPS I Ultra Slim Laptop","Rs. 100,000"
"Dell Latitude 5330 Core i7 12th Gen/ 16 GB RAM/ 512GB SSD/13.3"" FHD IPS/Backlit Keyboard/ Win 11 Pro","Rs. 135,990"
Dell I5-11th Gen/8GB RAM/256GB SSD/1TB HDD/2GB Graphics/15.6 Display,"Rs. 67,997"
Asus ZenBook Q507IQ Ryzen 7 8GB RAM 256GB SSD Radeon Graphics 15” FHD display Magic NumPad,"Rs. 120,000"
"CPU: AMD Ryzen 9 5900HX Processor 3.3 GHz (16M Cache, up to 4.6 GHz) Graphics Card: NVIDIA GeForce RTX 3080 GPU; 8GB GDDR6 VRAM With ROG Boost Storage: 1TB M.2 NVMe PCIe 3.0 Memory: 16GB DDR4 3200MHz SDRAM Display: 15.6-inch, FHD (1920 x 1080 pixels) 16:9","Rs. 410,000"
Laptop Acer Swift 3 Ryzen5 5500U 8Gb Ram 512Gb Ssd,"Rs. 95,000"
MSI Modern 14 B11BSB i7 11th generation 2 GB Graphics,"Rs. 115,000"
DELL INSPIRON 5420 AIO | 13th gen i5-1335U | 16GB | 512GB | WIN11 | TOUCH,"Rs. 149,000"
ThinkPad X13 Gen 3 13” Intel,"Rs. 229,613"
Dell Inspiron 7490 I5 10th Gen / 8GB RAM / 256GB SSD / 14'' FHD Touch Display,"Rs. 118,000"
"HP LAPTOP 14S-DQ2555TU Intel® Core™ i5-1135G7, 8 GB DDR4-3200 MHz RAM, 512 GB M.2 PCIe® NVMe™ SSD, 14"" diagonal, FHD (1920 x 1080), IPS","Rs. 97,650"
"Microsoft Surface 3 Laptop for Business (15"" Multi-Touch/i7-Gen10/16GB RAM/256GB M.2 NVMe SSD/Win 10 Pro/Matte Black)","Rs. 245,000"
"Acer Swift 5 2020 i7 10Th Gen | 8GB RAM | 512GB SSD | 14"" FHD Touch Display","Rs. 130,000"
"Lenovo ThinkPad T14 Gen 4,13 Gen Intel Core i5-1345U | 512 GB SSD | 16GB DDR5| 14"" (1920x1200) |Backlit Keyboard | FP Reader | Win 11 Pro","Rs. 167,999"
"MSI Modern 14 C12M 2022 i5 12TH GEN / 512GB SSD / 8GB RAM / 14"" FHD","Rs. 99,360"
Dell Latitude 3440 | i7-1355U | 8GB | 512GB | FHD | Ubuntu | Backlit,"Rs. 153,500"
"Razer Blade 15, i7 8TH GEN/ 16GB RAM/ 512GB SSD/ RTX 2070 / 15.6"" 144Hz","Rs. 291,800"
Asus Vivobook Display,"Rs. 24,000"
"HP ProBook 440 G10 14"" Notebook - Full HD - 1920 x 1080 - Intel Core i5 13th Gen i5-1335U Deca-core (10 Core) - 8 GB Total RAM - 256 GB SSD - Pike Silver Plastic - Intel Chip - Windows 11 Pro","Rs. 124,999"
Acer A515-45-R2KO Processor: AMD Ryzen5 Memory: 8GB DDR RAM Storage: 256 SSD Screen: 15.6” FHD OS: Win 11,"Rs. 105,000"
DELL INSPIRON 14 7740 CORE 7,"Rs. 128,000"
"Dell Precision 14"" 3480 Workstation | 13th Gen i5-1350P | 16GB | 512GB SSD | Win11 Pro | FHD","Rs. 192,000"
Acer Swift 3 Ryzen 7 5700U 8 Gb Ram/512 Gb Ssd,"Rs. 105,000"
Laptop Acer Nitro5 AN515-55-56SJ i5 10th Gen-8GB-512SSD-RTX3060 6GB-OS,"Rs. 155,000"
Dell Latitude 3450 | 13th Gen i7-1355U | 8Gb | 512 SSD | Win11 Pro License | 3yrs warranty,"Rs. 138,000"
HP ENVY 14 ES1023dx x360 Intel Core 7 150U Processor 16GBRAM 512GBSSD Intel Integrated Graphics 14” Full HD 1080p IPS MicroEdge Touchscreen Convertible Display PolyStudio Audio Backlit KB FPR W11,"Rs. 129,899"
Laptop Acer Swift3 SF314-510G-71CT i7 11th Gen-16GB-1TB SSD-4GB-OS,"Rs. 140,000"
"MSI Leopard GP66 11UH / i7 11th Gen / 16GB RAM / 1TB SSD / RTX 3080 8GB / 15.6""FHD 240Hz","Rs. 365,000"
"Asus VivoBook 15 K513EQ i5 11th Gen / 8GB RAM / 512GB SSD / NVIDIA MX350 2GB / 15.6"" FHD display","Rs. 116,215"
Lenovo Legion Pro 7i 13Th Gen i9-13900HX 16″ QHD+ IPS 240Hz RTX 4080 12GB 32GB DDR5 1TB SSD Win 11,"Rs. 400,000"
"Apple MacBook Air (13-inch, M3 Chip) 16GB RAM, 256GB SSD - Evostore","Rs. 175,000"
"Lenovo ThinkPad T14s Gen 3,12 Gen Intel Core i5-1250P | 512 GB SSD | 16GB DDR5 | 14"" WUXGA (1920 x 1200) |Backlit Keyboard | FP Reader | Win 10 Pro","Rs. 149,999"
"Acer Swift 3 14 2022 Ryzen 7 5825U / 16GB RAM / 1TB SSD / 14"" FHD display / Backlight Keyboard","Rs. 125,000"
"Dell Latitude 3420 i5 11th Gen / 8GB RAM / 256 SSD / 14"" HD Display / 3 Years Warranty with OS","Rs. 120,000"
"Dell Alienware M15 R3 i7 10th Gen / RTX 2070 SUPER / 16GB RAM / 512GB SSD / 15.6"" FHD 300Hz Display","Rs. 315,252"
"Lenovo Thinkpad Yoga L13 (2-in-1) Gen 5 - Core Ultra 5 135u, 13.3"" WUXGA Multi-Touch 360° display - 100% sRGB, 16GB, 1TB Gen4 NVMe SSD, Stylus, Fingerprint, Windows 11 Professional, Backlit KB, 3 Years Warranty - NAGMANI INTERNATIONAL","Rs. 207,900"
"Lenovo ThinkPad L14 Gen 3,12 Gen Intel Core™ i5-1235U | 512 GB SSD | 8 GB | 14"" FHD (1920 x 1080) |Backlit Keyboard | FP Reader | Win 11 Pro","Rs. 145,989"
"MSI Modern 14 B11SB I5 11th Gen / GeForce MX450 / 8GB RAM / 512GB SSD / 14"" FHD","Rs. 135,000"
Acer A514-54-542B ntel Core i5-1135G7 Memory: 8GB RAM Storage: 256GB SSD Screen: 14”FHD Screen OS: Win 10,"Rs. 110,000"
"Dell Inspirion 3501 i7 11th Gen 8GB RAM 512GB SSD Nvidia MX330 15.6"" FHD Display","Rs. 114,000"
"Asus ZenBook S13 OLED 2023 UX5304VA i7 13th Gen / 16GB RAM / 1TB SSD / 13.3"" OLED 2.8K display","Rs. 220,870"
"Lenovo ThinkPad Z16 Ryzen 7 Pro 6850H /16GB DDR5 6400Mhz/ 512GB SSD/16"" (1920X1200) IPS/Backlit/Win 11 Professional","Rs. 229,000"
Aspire 5 i7 13th Gen 1355U 2023 – 8GB DDR5 RAM – 512GB NVMe SSD – 15.6″ FHD Display – Iris Xe Graphics – Steel Grey,"Rs. 115,000"
Lenovo V14 Celeron 4Gb Ram 256Gb SSD 14 FHD,"Rs. 115,000"
"Dell Latitude 5530 , 15.6"" FHD Screen, 12th Gen i7-1265U, 8GB DDR4 RAM, 512GB PCIe SSD, Thunderbolt 4, Backlit Keyboard, Wi-Fi 6, NVIDIA GeForce MX450 Graphics","Rs. 185,000"
"HP ProBook 440 G10 14"" Notebook - Full HD - 1920 x 1080 - Intel Core i5 13th Gen i5-1335U Deca-core (10 Core) - 8 GB Total RAM - 256 GB SSD - Pike Silver Plastic - Intel Chip - Windows 11 Pro","Rs. 124,999"
"Dell Inspiron 14 7420 2-1 Intel Core i5 12th Gen / 8GB RAM / 512GB SSD / 14"" 360 Touchscreen FHD display / Active Stylus / MS Office","Rs. 161,128"
HP Elite x360 830 13 inch G9 2-in-1 Notebook PC,"Rs. 165,000"
"Dell tiny | i5, 6th generation | 8 GB RAM , 256 SSD With Mouse, Keyboard, WIFI Dongle and Mouse Pad","Rs. 20,500"
Dynabook Tecra A40-K [I7 / 16GB RAM / 1TB SSD / Windows 11 Pro / 3 years international warranty],"Rs. 203,000"
Acer Aspire 5 i7 11th Gen 8GB RAM 512gb Ssd 14 Inch,"Rs. 120,000"
"Dell Inspiron 5406 2-In-1 I7 11th Gen / 8GB RAM / 512GB SSD / NVIDIA MX350 / 14"" FHD X360 Touch Display / Active Stylus","Rs. 153,000"
HP ZBook Firefly 14 G9 Core i7-1260P 16GB DDR5 512GB SSD Intel Iris Xe Graphics 14″ FHD UWVA Backlit Keyboard Win11 Pro (Mobile Workstation Business Series),"Rs. 199,990"
"Microsoft Surface Laptop 4 Core i7-1185G7 /8GB RAM/ 512GB SSD / 15"" (2496x1664) Touch /Backlit Keyboard/ Win 11 Pro","Rs. 199,990"
"ASUS ZENBOOK DUO UX482EG i7 11TH GEN/ 16GB RAM/ 1TB SSD/ MX450 / STYLUS/ 14"" FHD Touchscreen + 12.6"" FHD TOUCH","Rs. 236,500"
"Lenovo ThinkPad L14 Gen 3,12 Gen Intel Core™ i7-1255U | 1 TB SSD | 16 GB DDR4| 14"" FHD (1920 x 1080) Touch Screen | Backlit Keyboard | FP Reader | Win 11 Pro","Rs. 164,499"
"Lenovo ThinkPad T14 Gen 4, Intel Core I5-1335U | 16 GB DDR5 | 512 GB SSD | 14"" WUXGA (1920x1200) IPS, Touch Screen | Backlit Keyboard | Win11","Rs. 173,599"
"Delta 15, AMD Advantage™ Edition A5EFK (RX6700M, GDDR6 10GB)","Rs. 225,000"
Laptop Acer Swift3 SF314-510G-71CT i7 11th Gen-16GB-1TB SSD-4GB-OS,"Rs. 140,000"
Lenovo LOQ 15IAX9 Gaming Laptop (Intel Core i5 12450HX Processor | 24GB RAM | 512GB SSD | NVIDIA GeForce RTX 4050 Graphics | 15.6-inch FHD (1920 x 1080) IPS Display,"Rs. 125,000"
"Lenovo ThinkPad L14 Gen 2 i5 1135G7 / 16GB RAM / 512GB SSD / 14"" FHD Display / Backlight Keyboard","Rs. 139,668"
"Lenovo ThinkPad P14s Gen 3 MobileWorkStation,12 Gen Intel Core i7-1260P | 512 GB SSD | 16GB DDR4| 14"" (1920x1200) |Backlit Keyboard | FP Reader | Win 11 Pro","Rs. 167,989"
"Lenovo LOQ Ryzen 5 7235HS | 12GB DDR5 RAM | 512GB SSD | RTX 3050 6GB Graphics | 15.6"" FHD 144Hz Display Laptop","Rs. 101,999"
Laptop Acer Predator Helios 300 74F3 i7 11th Gen-8GB-1TB SSD-RTX3060 6GB-OS,"Rs. 202,000"
Summit E13 Flip Evo A11MT (Iris Xe Graphics),"Rs. 226,000"
"Dell G5 2021 G5511 i5 11th Gen / RTX 3050 / 16GB RAM / 512GB SSD / 15.6"" 120Hz FHD Display","Rs. 157,626"
"Creator Z16 A11UET (RTX3060 Max-Q, GDDR6 6GB) 16"" QHD+ (2560*1600)","Rs. 271,000"
Laptop Acer Predator Helios 300 72JU i7 11th Gen-16GB-1TB SSD-RTX3060 6GB-OS,"Rs. 208,000"
"GP76 Leopard 11UE (RTX3060, GDDR6 6GB) 17.3"" QHD (2560*1440)","Rs. 245,000"
Acer Predator Triton 300 SE i7 11th Gen RTX 3060 16gb Ram 512gb SSD 144hz 14inch Display,"Rs. 205,000"
"Summit E16 Flip A11UCT (RTX3050, GDDR6 4GB) 16"" QHD+ (2560*1600)","Rs. 260,000"
"Dell G15 5520 2022 i5 12500H / RTX 3050 / 16GB RAM / 512GB SSD / 15.6"" 120Hz FHD Display","Rs. 179,810"
"Delta 15, AMD Advantage™ Edition A5EFK (RX6700M, GDDR6 10GB)","Rs. 225,000"
"Creator Z16 A11UET (RTX3060 Max-Q, GDDR6 6GB) 16"" QHD+ (2560*1600)","Rs. 271,000"
Great Asia laptop TK-E171 I5 11TH Gen intel Core Tiger lake 8GB Ram 512GB Rom 5000 MAH 15.6INC Screen,"Rs. 105,000"
Acer Nitro v16,"Rs. 146,000"
"GP76 Leopard 11UG (RTX3070, GDDR6 8GB)","Rs. 284,000"
"GP76 Leopard 11UH (RTX3080, GDDR6 8GB)","Rs. 355,000"
"GP66 Leopard 11UH (RTX3080, GDDR6 8GB)","Rs. 343,000"
"GP66 Leopard 11UG (RTX3070, GDDR6 8GB)","Rs. 271,000"
"GP66 Leopard 11UG (RTX3070, GDDR6 8GB)","Rs. 271,000"
Acer Nitro V15 I5 13th |8GB|512GB|NVDIA RTX-3050 |6GB|165Hrz Display,"Rs. 103,000"
Acer Nitro V 15,"Rs. 99,900"
"GP76 Leopard 11UH (RTX3080, GDDR6 8GB)","Rs. 355,000"
"Asus Tuf A15 | AMD Ryzen 7 7435HS | 16GB DDR5 | 512GB SSD | RTX 3050 4GB Graphics | 15.6"" FHD 144Hz | RGB Keyboard","Rs. 117,999"
HP Victus Ryzen 5 7535HS 8GB Ram 512GB SSD RX 6550M 4GB Graphics 144hz 15.6 FHD Display,"Rs. 91,999"
"MSI Cyborg 15 A12UC Gaming Laptop (12th Gen Core i5 | 16GB RAM | 512GB Gen4 SSD | 15.6"" FHD 144Hz | NVIDIA RTX 3050 4GB | Win 11 Home)","Rs. 128,000"
HP Victus 15 2023 (Intel Core i5 12450H Processor | 8GB RAM | 512GB Storage | NVIDIA RTX 3050 Graphics | 15.6″ FHD 144Hz Display | 1 Year Warranty,"Rs. 96,500"
"MSI Thin 15 B12UC Gaming Laptop (12th Gen Core i5 | 8GB RAM | 512GB Gen4 SSD | 15.6"" FHD 144Hz | NVIDIA RTX 3050 4GB | Wi-Fi 6 | 1.86KG)","Rs. 114,900"
"Asus Tuf A15 | AMD Ryzen 7 7435HS | 16GB DDR5 | 512GB SSD | RTX 2050 4GB Graphics | 15.6"" FHD 144Hz | RGB Keyboard","Rs. 109,999"
Acer Nitro 5 intel i5 10 Gen Ram 8Gb Storage 256Ssd/1Tb 1650Ti,"Rs. 112,000"
Acer Nitro V 15 i5,"Rs. 108,000"
Acer Nitro 5,"Rs. 140,000"
MSI Bravo 15 A4DCR Ryzen 5,"Rs. 98,000"
ASUS TUF A15 FA506 (AMD Ryzen 7 7435HS Processor | 16GB RAM | 512GB SSD | NVIDIA GeForce RTX 3050 4GB Graphics Card | 15.6-inch FHD (1920 x 1080) IPS 144Hz Display | 2 Years Warranty),"Rs. 135,000"
"Acer Aspire 5 Intel Core i5 13th Gen 8GB Ram 512GB SSD 15.6""FHD","Rs. 79,997"
Asus Tuf Fx506l intel i5 10Gen Storage 512ssd / 1Tb Display 1650 Ti 144Hz,"Rs. 121,000"
HP Victus 15 Gaming i7-12650H 12th Gen|16GB RAM|512GB SSD|15.6″ Full HD 144Hz|NVIDIA RTX 3050Ti 4GB| Windows 11 Home,"Rs. 150,000"
"Lenovo LOQ Gaming Laptop 2024 - (15.6"" FHD 144Hz Display | AMD Ryzen™ 7 8845HS | 16 GB RAM | 512GB SSD | RTX 4050 6GB | 4-Zone RGB Backlit KB | Win 11 | 1 Year Warranty) | NAGMANI INTERNATIONAL","Rs. 168,900"
Lenovo LOQ,"Rs. 130,000"
HP Omen Gaming Core i7 8GB RAM 256GB SSD+1TB HDD,"Rs. 152,000"
